,0,1,2,3,4,5,6,7,8,9,10,11,12,13,14,15,16,17,18,19,20,21,22,23,24,25,26,27,28,29,30,31,32,33,34,35,36,37,38,39,40,41,42,43,44,45,46,47,48,49,50,51,52,53,54,55,56,57,58,59,60,61,62,63,64,65,66,67,68,69,70,71,72,73,74,75,76,77,78,79,80,81,82,83,84,85,86,87,88,89,90,91,92,93,94,95,96,97,98,99,100,101,102,103,104,105,106,107,108,109,110,111,112,113,114,115,116,117,118,119,120
0,0,61245,3015,22808,27786,11898,62979,69086,35278,5421,16289,37049,31009,64474,40830,11272,17582,25105,49242,6398,25616,44828,18775,64381,38892,18825,7953,9078,4670,34101,56346,19357,43695,10742,9353,10459,26886,3496,77482,9376,65160,22949,12285,13874,22329,16452,12076,28625,102821,78274,10356,37270,27940,19448,45031,41417,6642,36839,8243,7163,9044,49377,29242,16935,16536,11558,42928,44847,15878,33800,10950,16571,17788,22587,7824,7243,43100,9346,16965,6943,27662,10765,16535,23184,31840,4927,11566,32733,31188,26622,14169,27922,22754,40910,13796,104585,5549,4390,10694,20124,3693,25345,14866,11672,4764,11271,90578,18183,72161,11119,68280,8008,37043,6247,18865,11278,19762,8816,12223,8653,20009
1,60894,0,60421,70525,56653,69954,121035,32340,63330,61631,54894,65101,89065,42879,98886,69328,75638,50708,107297,57784,38182,25443,76831,33881,57915,76881,54057,58558,58823,27025,9871,49376,70937,68798,67409,68515,84942,61951,135538,65551,123216,38609,53464,69698,49758,50465,51655,64519,52056,22088,66531,47979,50530,49087,103087,66824,62817,64891,60318,61509,67100,14716,39375,52071,74592,69614,100984,102902,73934,52337,56448,54999,53979,60557,65880,57236,101156,65556,53465,65176,85718,68821,44414,81240,48971,60751,57065,60681,43280,42337,59667,52044,48357,98966,69971,48399,63384,62623,68349,41705,61344,51045,72922,69644,58348,69327,48081,63808,130217,55875,126336,64183,49600,63836,76921,69334,73258,55353,70279,66578,78065
2,2863,60716,0,22287,27265,13144,64224,68233,34757,5354,15256,36528,32255,63620,42075,12518,18827,24576,50487,5366,25088,44299,20020,63528,38371,20070,7761,8557,5308,33572,55817,18541,43174,11988,10599,11704,28131,3467,78728,11443,66406,22420,11253,13353,21513,15846,11044,28105,102292,77746,12423,36417,27411,18842,46277,40896,8709,36318,8482,6642,10289,48848,28389,15903,17781,12803,44173,46092,17123,33280,10757,16050,16755,22066,9069,6211,44346,9280,15933,8188,28907,12010,16006,24430,31311,4407,11374,32213,30659,25769,13977,27393,22226,42155,15863,102441,5520,5636,11939,19596,3627,24435,16112,12917,4921,12516,90049,17662,73407,10927,69525,10076,36523,7492,20110,12524,19241,7784,13468,8624,21254
3,22944,69317,22511,0,25988,31061,78891,70651,33601,18440,25397,35372,50172,66038,56741,25979,34337,35873,65153,22205,36270,52900,37938,65945,37094,29910,26673,19892,26703,44755,64418,21520,41867,28818,22719,23513,46048,21781,93394,31408,81072,33602,24624,9200,24492,31690,20352,22369,110893,86558,32388,38835,38593,34252,64194,39619,28674,32906,30279,19741,24516,57449,31406,26893,35698,27606,58839,60758,21882,32003,30268,18725,22723,20789,22657,24513,59012,18908,24645,26287,46824,29927,27188,42347,42493,18161,30884,26478,41841,28785,33487,38575,33523,56821,35828,104858,20407,25577,31880,30778,20081,32947,31151,32858,26797,27133,98650,13981,88073,30437,84191,30041,35246,27434,35620,23993,3542,26086,26930,18431,26535
4,27720,55149,27287,25687,0,37861,88942,45719,8545,27361,23967,10316,56973,41107,66793,37235,43545,38377,75205,24708,38773,38731,44738,41014,12198,44788,29104,22396,31479,31032,50249,16574,16962,36706,35316,36422,52849,27896,103446,36185,91123,36106,27127,24726,18103,34194,22856,9734,96725,61626,37165,13903,41097,36756,70994,14723,33450,10106,33845,22245,35007,43280,21350,27126,42499,37521,68891,70810,38811,7071,32699,21228,20947,12674,33787,28141,69063,31287,20433,32906,53625,36728,29692,49147,44997,26482,33316,5896,44345,20823,35919,41079,36026,66873,40605,79927,29115,30354,36657,33281,27075,26558,40829,37635,31573,37234,84482,17043,98124,32869,94243,34817,10314,32210,44828,37241,28420,28517,38186,32309,44010
5,12042,70546,13334,31309,38115,0,54929,79416,45607,15750,26626,47378,22959,74803,32779,8309,10820,34406,41191,16735,34917,54128,10725,74710,49221,12063,17254,19407,13971,43402,65646,29686,54024,5132,10205,10412,18835,13231,69432,10286,57110,32249,22622,24203,32659,25753,22413,38955,112122,87575,10490,47600,37240,28749,36981,51746,11613,47169,17515,17492,10250,58677,39572,27272,8486,11511,34877,36796,15831,44130,20251,26900,28124,32916,8675,17580,35050,19676,27302,7193,19611,2373,25835,15134,41141,15257,20867,43063,40488,36951,23470,37222,32055,32860,8777,113886,15284,9937,6204,29425,14023,34646,8104,5776,14065,6724,99879,28512,64111,20420,60229,15067,47373,13106,12103,11231,30092,18550,9576,15849,15634
6,63862,122366,65154,78769,89936,55821,0,131236,97428,67570,78446,99198,60260,126623,42042,59043,51933,86226,42705,68555,86737,105949,48399,126530,101041,60975,69074,71227,65791,95222,117466,81506,105844,55377,62025,61163,54043,65051,18930,64811,17405,84069,74442,76023,84479,77573,74233,86547,163942,139395,65015,99420,89060,80569,63068,103566,63433,95998,69335,69312,62070,110498,91392,79092,47656,63331,23795,23282,58731,95950,72071,78720,79945,84736,60496,69401,41668,71496,79122,59013,62668,55170,77655,60371,92961,67077,72687,90657,92308,88772,75290,89042,83875,29264,63302,165706,67104,61757,60729,81245,65843,86466,57016,60301,65885,57458,151699,80332,9333,72240,12964,66887,99193,64926,53216,62075,80114,70370,60310,67669,64958
7,69693,32340,68984,70725,46174,79834,130915,0,52851,69334,58078,54622,98945,35136,108765,79208,85517,68390,117177,66346,55864,43125,86711,14907,47436,86760,66690,63564,72177,44707,22650,50456,60458,78678,77289,78395,94821,69869,145418,78157,133096,56291,62898,69764,50838,68148,60053,54040,79337,49369,79137,34296,68213,66769,112967,56344,75423,54412,73673,64217,76979,32398,43880,61238,84472,79494,110863,112782,83117,41858,70285,56079,55059,57711,75759,67220,111036,73260,54544,74878,95597,78701,62096,91120,66654,68454,70901,50202,60962,46842,73504,69726,66040,108846,82577,73957,71087,72326,78629,59387,69047,59135,82802,79607,71703,79207,65764,62081,140097,70454,136215,76790,39121,74183,86800,79214,73458,66102,80159,74281,87945
8,35806,62325,35373,33472,9121,45947,97028,52896,0,35447,31390,2845,65058,48283,74879,45498,51631,46206,83291,32794,46602,45908,52824,48190,11195,49472,37190,30481,39565,38208,57426,23997,12110,44791,43402,43032,60935,35982,111531,44270,99209,43934,35213,32812,25526,42022,30942,11822,103901,64906,45251,21080,48925,44584,79080,13139,41536,9042,41931,30331,43093,50457,28526,34549,50585,45607,76977,78895,40900,14248,40785,29314,28370,20759,41873,36227,77149,39373,27856,40992,61711,44814,37520,57233,52826,34568,41402,7984,52173,28245,44004,48907,43855,74959,48690,77723,37200,38439,44743,41110,35161,33981,48915,45720,39659,45320,91658,25129,106210,40954,102329,42903,17491,40296,52914,43512,36204,36603,46449,40395,46098
9,5778,62173,5665,18467,27460,15920,67000,68760,34952,0,16713,36723,35031,64147,44851,15294,21603,26033,53263,6823,26544,45756,22796,64054,38565,22846,9828,8751,9537,35029,57274,19030,43369,14764,13375,14480,30907,4762,81504,14243,69182,23877,12709,9533,22003,17302,12501,28299,103749,79202,15223,36944,28868,20298,49053,41090,11509,36513,13110,6836,13065,50305,28916,17360,20557,15579,46949,48868,19899,33474,13423,16244,18212,22260,11845,7668,47122,4569,17389,10964,31683,14786,17463,27206,32768,1818,14039,32407,32116,26296,16642,28850,23682,44931,18663,102967,3752,8412,14715,21052,2504,25892,18888,15693,9631,15292,91506,17857,76183,13592,72301,12875,36717,10268,22886,15300,15421,9240,16244,5591,24030
10,16496,55697,15508,25262,23912,26714,77795,57782,30785,16717,0,32556,45825,53170,55645,26088,32397,19418,64057,12870,20068,39280,33591,53077,34194,33640,13214,12760,18702,28553,50798,8090,39202,25558,24169,25275,41701,17038,92298,24960,79976,17401,9422,24784,9093,15235,6578,28987,97273,72726,25941,25966,22392,17797,59847,36719,22226,32346,20197,15734,23859,43829,17938,6164,31352,26374,57743,59662,30694,27969,16809,10033,6569,21788,22639,13745,57916,20643,5482,21758,42477,25581,10733,38000,26292,15838,17425,28136,25640,15318,20028,22374,17068,55726,29380,91990,18471,19206,25509,14576,16431,9573,29682,26487,18227,26087,85030,18545,86977,16978,83095,23593,27588,21063,33680,26094,27995,12627,27039,21665,34825
11,37566,64085,37133,35231,10880,47707,98788,54655,2830,37207,33149,0,66818,50042,76638,47258,53390,47965,85050,34554,48362,47667,54584,49950,8407,51232,38950,32241,41325,39968,59185,25757,11312,46551,45162,44792,62694,37742,113291,46030,100969,45694,36973,34571,27286,43782,32701,13582,105661,64108,47010,22839,50685,46344,80840,10351,43296,10802,43691,32090,44852,52216,30286,36309,52345,47367,78736,80655,42659,16007,42545,31074,30130,22519,43632,37987,78909,41133,29615,42751,63470,46574,39280,58993,54585,36327,43161,9744,53933,30005,45764,50667,45615,76719,50450,76924,38960,40199,46502,42870,36920,35741,50675,47480,41419,47080,93418,26888,107970,42714,104088,44663,19250,42056,54673,45271,37964,38363,48209,42154,47857
12,30915,89419,32207,50183,56989,22874,60398,98289,64481,34623,45499,66251,0,93676,35981,26359,27743,53279,44393,35608,53790,73002,22978,93583,68094,29361,36127,38280,32844,62275,84519,48559,72897,22430,29078,28479,25174,32104,74901,31864,62579,51122,41495,43076,51532,44626,41286,57828,130995,106448,32068,66473,56114,47622,26707,70619,30486,66042,36388,36365,29123,77551,58445,46145,20739,30384,40346,42265,33991,63003,39124,45773,46998,51789,27549,36454,38252,38549,46175,26066,8097,22223,44708,13204,60014,34130,39740,61936,59362,55825,42343,56095,50928,38329,30355,132759,34157,28810,27782,48298,32896,53519,25403,27354,32938,24774,118752,47385,69580,39293,65698,33940,66246,31979,29026,29392,48965,37423,27626,34723,32932
13,65039,43045,64330,66072,41521,75180,126261,35315,48197,64680,53425,49968,94291,0,104112,74554,80864,68241,112524,61692,61069,57611,82057,20426,42782,82107,62036,58911,67524,49911,47599,45802,41695,74024,72635,73741,90168,65215,140764,73503,128442,61496,58244,65110,46184,64057,55400,49386,74779,21419,74484,30280,70960,66619,108313,45528,70769,49758,69019,59564,72326,52444,40229,56584,79818,74840,106210,108129,78464,37205,65631,51426,50405,53058,71106,62567,106382,68606,49891,70225,90944,74047,59555,86466,71858,63801,66247,45548,66167,42573,68850,70942,65890,104192,77924,39719,66434,67672,73976,63145,64394,54482,78148,74954,67049,74553,85809,57427,135443,65800,131562,72136,34467,69529,82147,74560,68804,61449,75505,69628,83291
14,41626,100130,42919,56533,67700,33585,41837,109000,75192,45335,56210,76963,35915,104388,0,36807,29697,63990,9584,46320,64501,83713,26164,104295,78806,38739,46838,48992,43556,72986,95231,59271,83609,33142,39790,38928,31807,42816,56340,42575,44018,61834,52206,53788,62243,55338,51998,64311,141706,117160,42780,77184,66825,58333,28852,81331,41197,73763,47099,47077,39835,88262,69156,56857,25420,41096,21077,23704,36496,73714,49835,56485,57709,62501,38260,47165,3443,49260,56886,36778,28451,32934,55420,37721,70725,44841,50452,68421,70073,66536,53054,66807,61640,17783,41066,143470,44869,39521,38493,59009,43607,64231,34781,38066,43650,35222,129463,58097,51019,50004,47137,44652,76957,42691,30980,39840,57879,48134,38074,45434,42722
15,11390,69894,12683,26004,37464,8151,58670,78764,45053,15099,25974,46824,26700,74151,36520,0,11359,33754,44932,16084,34265,53477,14466,74059,48570,11508,16602,18756,13320,42750,64995,29035,53319,4371,6149,3581,22576,12580,73173,14794,60851,31598,21970,23552,32007,25102,21762,33821,111470,86923,15722,46948,36589,28097,40722,51095,12336,43272,16863,16841,7915,58026,38920,26620,12227,6123,38618,40537,9093,43478,19599,26249,27473,32265,6340,16929,38791,19024,26650,6445,23352,7018,25184,18875,40489,14605,20216,37931,39837,36300,22818,36571,31404,36601,15632,113234,14458,9140,13059,28773,13371,33995,8643,12509,13414,2500,99227,27861,67852,19768,63970,15791,46721,12309,12642,4494,28056,17898,2046,13903,13224
16,17652,76156,18945,34199,43726,11014,51624,85026,51218,21361,32236,52989,28056,80413,29474,11202,0,40016,37886,22345,40527,59739,7371,80320,54831,12223,22864,25018,19581,49012,71257,35297,59635,7474,15889,13322,24046,18841,66127,20004,53805,37860,28232,29814,38269,31363,28023,41977,117732,93185,20209,53210,42851,34359,41352,57357,18626,51428,23125,23103,15861,64288,45182,32882,10561,15864,31572,33491,14161,49740,25861,32510,33735,38526,14286,23191,31745,25286,32912,12804,24709,10363,31446,20231,46751,20867,26478,46086,46099,42562,29080,42833,37665,29555,18495,119496,20895,15499,15922,35035,19633,40257,8264,15495,19676,9617,105489,34123,60806,26030,56924,22081,52983,19039,1445,14234,35702,24160,12468,21460,15731
17,25644,51722,25171,36289,38880,34704,85785,69291,45753,26380,19774,47524,53815,68138,63635,34078,40387,0,72047,22533,16093,35304,41581,68045,49162,41630,18807,23438,23572,24578,46822,23059,54170,33548,32159,33265,49691,26701,100288,30300,87966,13425,18344,34447,26208,11929,16535,40014,93298,68751,31281,40935,18037,8782,67837,51687,27566,47314,25068,26389,31849,39854,32907,16951,39342,34364,65733,67652,38683,42938,21198,22217,21273,33975,30629,21986,65906,30306,20450,29925,50467,33570,10071,45990,21937,25501,21814,43104,21664,30287,24417,18019,8401,63716,34720,95062,28133,27373,33099,10601,26093,17404,37672,34393,23098,34076,81055,29571,94967,20625,91085,28933,42556,28586,41670,34084,39021,20102,35029,31328,42814
18,49894,108398,51187,64802,75968,41854,42841,117269,83460,53603,64478,85231,44183,112656,9463,45075,37965,72259,0,54588,72770,91981,34432,112563,87074,47007,55107,57260,51824,81255,103499,67539,91877,41410,48058,47196,40075,51084,59089,50843,46767,70102,60475,62056,70511,63606,60266,72580,149975,125428,51048,85453,75093,66602,37120,89599,49465,82031,55367,55345,48103,96530,77424,65125,33688,49364,19350,26271,44764,81983,58103,64753,65977,70769,46528,55433,6996,57529,65154,45046,36720,41203,63688,45989,78993,53109,58720,76689,78341,74804,61323,75075,69908,24266,49335,151739,53137,47790,46762,67278,51875,72499,43049,46334,51918,43490,137731,66365,52023,58273,49886,52920,85226,50959,39248,48108,66147,56402,46342,53702,50990
19,6645,58275,5657,22087,24973,16863,67944,65792,32465,6867,12815,34235,35975,61179,45795,16237,22547,22135,54207,0,22646,41858,23740,61086,36078,23790,5930,3950,9683,31131,53376,16100,40881,15708,14318,15424,31851,7187,82448,15110,70125,19979,8811,14934,19072,13404,8603,25812,99851,75304,16090,33976,24970,16400,49996,38603,12376,34026,11136,4939,14009,46407,25948,13462,21501,16523,47893,49812,20843,30987,9525,11459,14314,19773,12789,4174,48065,10793,13491,11908,32627,15730,13565,28149,28870,5987,10141,29920,28218,23328,12744,24952,19784,45875,19530,99999,8620,9355,15659,17154,6580,21994,19831,16637,9208,16236,87608,15369,77126,9694,73245,13742,34230,11212,23830,16243,20822,5342,17188,11814,24974
20,25862,38781,25389,36377,38968,34922,86003,56351,45841,26598,19862,47612,54033,62802,63853,34296,40605,15676,72265,22751,0,22364,41799,60896,45536,41848,19025,23526,23790,11637,33882,23147,54258,33766,32377,33483,49909,26919,100506,30518,88184,3651,18432,34665,24816,15433,16623,40102,80357,55811,31499,35599,13418,14054,68055,51775,27784,47402,25286,26477,32067,26913,26996,17039,39560,34582,65951,67870,38902,39958,21416,22305,21361,34063,30847,22204,66124,30524,20538,30143,50685,33789,9381,46208,11859,25719,22032,43192,6167,29957,24635,15853,13325,63934,34939,82121,28351,27591,33317,6672,26312,16012,37890,34612,23316,34295,68114,29659,95185,20843,91303,29151,37221,28804,41888,34302,39109,20321,35247,31546,43033
21,44929,25847,44456,54560,40688,53989,105070,43417,47365,45666,38929,49136,73100,59217,82921,53363,59672,34743,91332,41818,22216,0,60866,57310,41950,60916,38092,42593,42857,11059,20948,33411,54972,52833,51444,52550,68976,45986,119573,49586,107251,22643,37499,53732,33793,34500,35690,48554,67423,42877,50566,32013,34565,33122,87122,50858,46851,48926,44353,45544,51134,13979,23410,36106,58627,53649,85018,86937,57969,36372,40483,39034,38014,44592,49914,41271,85191,49591,37499,49211,69753,52856,28448,65275,33006,44786,41099,44716,27314,26372,43702,36078,32392,83001,54006,69187,47419,46658,52384,25739,45379,35080,56957,53679,42383,53362,55180,47843,114252,39910,110370,48218,33635,47871,60956,53369,57293,39388,54314,50613,62100
22,19515,78019,20807,37776,45589,11474,48430,86889,53081,23223,34099,54851,23849,82276,26280,14696,7525,41879,34692,24208,42390,61602,0,82183,56694,16994,24727,26880,21444,50875,73119,37159,61497,11030,17678,16816,19725,20704,62933,20464,50611,39722,30095,31676,40132,33226,29886,45554,119595,95048,20668,55073,44713,36222,37871,59219,19086,54642,24988,24965,17723,66151,47045,34745,3309,18984,28378,30297,17739,51603,27724,34373,35598,40389,16149,25054,28551,27149,34775,14666,20501,10823,33308,16024,48614,22730,28340,49664,47961,44425,30943,44695,39528,26361,18955,121359,22757,17410,16382,36898,21496,42119,13036,15954,21538,13111,107352,35985,57612,27893,53730,22540,54846,20579,8808,17728,37565,26023,15963,23322,20565
23,64905,32302,64196,65938,41387,75046,126127,14889,48064,64547,53291,49834,94158,20230,103978,74421,80730,68107,112390,61559,59357,55899,81923,0,42648,81973,61902,58777,67390,48200,33852,45668,45724,73891,72501,73607,90034,65082,140631,73370,128309,59784,58111,64976,46050,63924,55266,49252,80237,40749,74350,29586,70826,66486,108180,51557,70635,49625,68885,59430,72192,43600,39169,56450,79684,74706,106076,107995,78330,37071,65497,51292,50271,52924,70972,62433,106248,68472,49757,70091,90810,73913,59421,86333,70147,63667,66114,45414,64455,42131,68716,70808,65756,104058,77790,59050,66300,67539,73842,62880,64260,54348,78015,74820,66915,74419,76966,57293,135310,65666,131428,72002,34334,69395,82013,74427,68670,61315,75371,69494,83157
24,39011,56818,38577,36978,12324,49152,100233,47389,11270,38652,34483,8521,68263,42776,78083,48526,54835,49299,86495,35999,43859,40401,56029,42683,0,56078,40395,33686,42769,32702,51919,27091,13932,47996,46607,47713,64139,39187,114736,47475,102414,44286,38418,36016,28975,45116,34146,18985,98395,63296,48455,15573,52019,47678,82285,9819,44741,17923,45136,33535,46297,44950,23019,37643,53790,48812,80181,82100,48063,15031,43990,32518,31464,23964,45077,39431,80354,42578,30950,44196,64915,48019,40614,60438,54649,37772,44606,15147,48957,25363,47209,52001,46949,78164,51895,76225,40405,41644,47947,44204,38365,37272,52120,48925,42863,48524,86152,28333,109415,44159,105533,46107,12980,43501,56118,48532,39710,39807,49477,43599,53261
25,18687,77191,19980,30169,44761,12050,60564,86062,49244,22396,33271,51015,29472,81449,38414,11538,12195,41051,46826,23381,41563,60774,16360,81356,55867,0,23900,26053,20617,50047,72292,36332,57510,8509,16925,14357,25348,19877,75067,21039,62745,38895,29267,30849,39304,32399,29059,38012,118767,94221,21244,54245,43886,35395,43494,58392,19661,47463,24160,24138,16896,65323,46217,33918,14121,16899,40512,42431,9937,50775,26896,33546,34770,39562,15321,24226,40685,26322,33947,13839,26125,11399,32481,21647,47786,21902,27513,42121,47134,43597,30116,43868,38701,38495,19531,120531,21930,16534,16958,36071,20668,41292,5927,16530,20711,10652,106524,35158,69746,27066,65864,23116,54019,20074,13478,13871,31101,25195,13504,22495,5005
26,8165,54496,8223,26938,29485,17225,68306,66371,36977,9937,13394,38748,36336,61758,46157,16599,22909,18356,54568,6090,18867,38079,24102,61665,40591,24152,0,8649,6094,27352,49596,16679,45394,16069,14680,15786,32212,10257,82809,12822,70487,16199,9390,18004,19651,9703,9182,30325,96072,71525,13802,34555,21190,12699,50358,43116,10087,38538,7589,10059,14370,42628,26527,14041,21863,16885,48255,50173,21205,35500,4201,14379,14893,24286,13151,4015,48427,13863,14070,12447,32989,16092,9785,28511,25091,9057,4817,34433,24439,23907,7420,21172,16005,46237,17242,97836,11690,9894,15620,13375,9650,18596,20193,16915,5619,16598,83829,19882,77488,4370,73607,11454,36177,11107,24192,16605,23892,2132,17550,14884,25336
27,9094,58941,8661,19764,22650,19235,70316,63295,30142,8735,12985,31913,38346,58683,48166,18609,24918,22916,56578,3923,23312,42524,26112,58590,33755,26161,8134,0,12776,31797,54041,13566,38559,18079,16690,17796,34222,9270,84819,17558,72497,20644,9249,16802,16538,15296,7470,23489,100517,75970,18538,31479,25635,18292,52368,36280,14824,31703,14229,3710,16380,47073,23451,13899,23873,18895,50264,52183,23214,28664,11729,8229,11652,17450,15160,7267,50437,12661,12406,14279,34998,18102,14230,30521,29536,7855,12346,27597,28884,20831,14949,25617,20565,48247,21978,97503,10488,11727,18030,17820,8448,22164,22203,19008,12301,18607,88274,13047,79498,11899,75616,16191,31907,13584,26201,18615,22690,7547,19560,13682,27346
28,4614,59753,5453,26515,31494,13674,64755,71985,38986,9128,19008,40756,32785,67372,42606,13048,19358,23613,51017,9907,24124,43336,20551,67279,42599,20601,6461,12785,0,32609,54854,22293,47403,12518,11129,12235,28662,7204,79258,8967,66936,21457,15004,17581,25265,14961,14795,32333,101329,76783,9947,40169,26448,17956,46807,45124,6233,40547,4198,10870,10819,47885,32141,19654,18312,13334,44704,46622,17654,37508,9458,19992,20507,26294,9600,7900,44876,13054,19684,8896,29438,12541,15043,24960,30348,8635,10075,36441,29696,29520,12677,26430,21263,42686,13387,103093,9257,6343,11765,18632,7401,23854,16642,13060,776,13047,89086,21890,73937,9627,70056,7018,40751,7272,20641,13054,23470,7757,13999,12361,21785
29,34415,27571,33942,44930,33064,43475,94556,45141,39741,35152,28415,41512,62586,51592,72407,42849,49159,24229,80818,31304,11702,11154,50352,49686,34326,50402,27578,32079,32343,0,22672,25787,47348,42319,40930,42036,58462,35472,109059,39072,96737,12130,26985,43218,26169,23986,25176,40929,69147,44601,40052,24389,24051,22608,76608,43234,36337,41302,33839,35030,40620,15703,15786,25592,48113,43135,74505,76423,47455,28748,29969,30859,29914,36968,39400,30757,74677,39077,29091,38697,59239,42342,17934,54761,22492,34272,30585,37092,16800,18747,33188,25564,21878,72487,43492,70911,36905,36144,41870,15225,34865,24566,46443,43165,31869,42848,56904,38212,103738,29396,99856,37704,26011,37357,50442,42855,47662,28874,43800,40099,51586
30,56087,9850,55614,65718,51846,65147,116228,22636,58523,56824,50087,60294,84258,47670,94079,64521,70831,45901,102490,52977,33375,20636,72024,33848,53108,72074,49250,53751,54016,22218,0,44569,66130,63991,62602,63708,80135,57144,130731,60744,118409,33802,48657,64891,44951,45658,46848,59712,56847,26880,61724,43172,45723,44280,98280,62017,58010,60084,55511,56702,62292,9909,34568,47264,69785,64807,96177,98095,69127,47530,51641,50192,49172,55750,61073,52429,96349,60749,48658,60369,80911,64014,39607,76433,44164,55944,52258,55874,38473,37530,54860,47237,43550,94159,65164,53190,58577,57816,63542,36898,56537,46238,68115,64837,53541,64520,43274,59001,125410,51068,121529,59376,44793,59029,72114,64527,68451,50546,65472,61771,73258
31,19436,48344,18767,21349,16599,29578,80659,50277,23472,19078,7861,25243,48689,45664,58509,28952,35261,22677,66921,16129,23074,31927,36454,45571,26881,36504,16473,13308,21960,24228,43445,0,31889,28422,27033,28139,44565,19613,95162,27901,82840,20406,12681,20387,3211,18494,9836,23349,89920,66183,28881,18461,25397,21056,62711,29406,25167,25033,23456,13961,26723,36476,10433,11021,34215,29238,60607,62526,33557,20656,20068,5823,4842,14475,25503,17003,60780,23003,4327,24622,45341,28444,13992,40864,29297,18198,20684,20823,28645,7812,23287,25379,20326,58589,32321,84484,20831,22070,28373,17582,18791,11666,32546,29351,21486,28950,77677,14631,89841,20237,85959,26533,20082,23926,36544,28958,24081,15885,29902,24025,37688
32,44021,69466,43588,41680,17335,54162,105243,60037,12210,43662,39624,11423,73273,41274,83094,53707,59845,54440,91505,41009,54837,53049,61039,46532,13860,57681,45405,38696,47780,45350,64567,32232,0,53006,51617,51241,69149,44197,119746,52485,107424,52169,43428,41027,33761,50257,39157,20031,106469,53108,53465,28221,57160,52819,87295,7908,49751,11082,50146,38545,51307,57598,35667,42784,58800,53822,85191,87110,49108,21389,49000,37529,36605,28974,50087,44442,85364,47588,36090,49207,69926,53029,45755,65448,61060,42782,49616,16193,60408,36480,52219,57142,52089,83174,56905,65925,45415,46654,52958,49344,43375,42215,57130,53935,47874,53535,98799,33344,114425,49169,110543,51118,24632,48511,61128,51720,44413,44818,54658,48609,54306
33,10669,69173,11962,28724,36743,5192,54584,78043,44235,14378,25253,46006,22615,73430,32435,4181,7352,33033,40847,15362,33544,52756,10380,73337,47848,8595,15881,18035,12598,42029,64274,28314,52652,0,8869,6301,18491,11858,69088,14182,56766,30877,21249,22831,31286,24380,21040,36541,110749,86202,14386,46227,35868,27376,36636,50373,11712,45796,16142,16120,8878,57305,38199,25899,8141,8843,34533,36452,11813,42757,18878,25527,26752,31543,7303,16208,34705,18303,25929,5821,19267,4541,24463,14789,39768,13884,19495,40650,39116,35579,22097,35850,30682,32515,12673,112513,13912,8516,10100,28052,12650,33274,4637,9672,12693,2596,98506,27140,63766,19047,59885,15167,46000,12056,8635,7213,28719,17177,5448,14477,12166
34,9613,68117,10905,22818,35686,10148,61229,76987,43179,13321,24197,44949,29259,72374,39079,6149,15831,31977,47491,14306,32488,51700,17025,72281,46792,17074,14825,16978,11542,40973,63217,27257,51595,8989,0,5336,25135,10613,75732,13422,63410,29820,20193,21774,30230,23324,19984,35483,109693,85146,14349,45171,34811,26320,43281,49317,10964,44740,15086,15063,3603,56249,37143,24843,14786,6435,41177,43096,10755,41701,17822,24471,25696,30487,1745,15152,41350,17247,24873,5374,25911,9015,23406,21434,38712,12828,18438,39593,38059,34523,21041,34793,29626,39160,17136,111457,11599,7716,12828,26996,11594,32217,13116,12357,11636,7303,97450,26083,70411,17991,66529,14418,44944,11000,17114,6155,22069,16121,7100,11044,14886
35,10561,69065,11854,23616,36635,10133,60652,77935,42666,14270,25145,44436,28682,73322,38502,3514,13340,32925,46914,15255,33436,52648,16447,73230,47741,14583,15773,17927,12491,41921,64166,28206,50932,6353,5320,0,24558,11751,75155,13965,62833,30769,21141,22723,31178,24273,20932,31433,110641,86094,14893,46119,35760,27268,42704,50266,11507,40884,16034,16012,7086,57197,38091,25791,14208,5347,40600,42519,6705,42649,18770,25420,26644,31436,5511,16100,40773,18195,25821,5616,25334,9000,24355,20857,39660,13776,19387,35543,39008,35471,21989,35742,30575,38582,17680,112405,13629,8311,13371,27944,12542,33166,10625,12599,12585,4667,98398,27032,69834,18939,65952,14962,45892,11480,14623,1864,24549,17069,4465,13074,10837
36,26561,85065,27853,45829,52634,18520,54213,93935,60127,30269,41145,61897,24822,89322,32063,22005,23389,48925,40475,31254,49436,68647,18624,89229,63740,25007,31773,33926,28490,57921,80165,44205,68543,18076,24724,24125,0,27750,68716,27510,56394,46768,37141,38722,47178,40272,36932,53474,126641,102094,27714,62119,51759,43268,38844,66265,26132,61688,32034,32011,24769,73197,54091,41791,16385,26030,34161,36080,29637,58649,34770,41419,42644,47435,23195,32100,34334,34195,41821,21712,21474,17869,40354,17378,55660,29776,35386,57582,55007,51471,37989,51741,46574,32144,26001,128405,29803,24456,23428,43944,28542,49165,21049,23000,28584,20420,114398,43031,63395,34939,59513,29586,61892,27625,24672,25037,44611,33069,23272,30368,28578
37,3891,62637,3886,21745,28307,13452,64533,69607,35799,4460,17178,37569,32563,64994,42383,12826,19135,26498,50795,7287,27009,46220,20328,64901,39412,20378,10292,9598,7650,35494,57738,19877,44215,12296,10644,12013,28439,0,79036,12355,66714,24341,13174,12811,22850,17767,12965,29146,104214,79667,13336,37791,29332,20763,46585,41937,9621,37360,11222,7683,9495,50769,29763,17824,18089,13111,44481,46400,17431,34321,13929,17091,18677,23107,9115,8133,44654,7847,17854,8496,29215,12318,17927,24738,33233,4430,14546,33254,32580,27143,17149,29314,24147,42463,16555,103814,2544,5944,12247,21517,2880,26356,16420,13225,7744,12824,91971,18703,73715,14099,69833,10988,37564,7800,20418,12832,18699,9705,13776,5273,21562
38,77570,136074,78863,92477,103644,69529,19099,144944,111136,81279,92154,112907,73968,140332,55750,72751,65641,99934,58449,82264,100446,119657,62108,140239,114750,74683,82783,84936,79500,108930,131175,95215,119553,69086,75734,74872,67751,78760,0,78519,13961,97778,88150,89732,98187,91282,87942,100255,177650,153104,78724,113128,102769,94278,76777,117275,77141,109707,83043,83021,75779,124206,105100,92801,61364,77040,39539,39026,72440,109658,85779,92429,93653,98445,74204,83109,57412,85205,92830,72722,76376,68879,91364,74079,106669,80785,86396,104365,106017,102480,88998,102751,97584,45008,77010,179414,80813,75466,74437,94954,79551,100175,70725,74010,79594,71166,165407,94041,9945,85949,10270,80596,112901,78635,66924,75784,93823,84078,74018,81378,78666
39,9280,65986,11370,31180,36159,10167,63841,77459,43651,13794,24662,45422,31871,72846,41691,14541,19732,29847,50103,14771,30358,49569,19637,72754,47264,20975,12695,17451,8874,38843,61087,27730,52068,13906,13219,13728,27747,11869,78344,0,66022,27690,20658,22247,30702,21194,20449,36998,107563,83016,4607,45643,32681,24190,43618,49790,3530,45212,11432,15536,12909,54118,37615,25308,17398,14827,43789,45708,19147,42173,15691,24943,26160,30959,11689,14133,43962,17719,25338,9200,28523,11285,21276,24046,36582,13300,16308,41106,35929,34995,18911,32663,27496,41772,4735,109327,13922,7070,7987,24866,12066,30087,17017,9573,9506,14674,95320,26556,73023,15861,69141,7842,45416,9803,21015,14547,28135,13990,15492,17026,23278
40,65386,123890,66678,80293,91460,57345,17501,132760,98952,69094,79970,100722,61784,128147,43566,60567,53457,87750,46265,70079,88261,107473,49923,128054,102565,62499,70598,72751,67315,96746,118990,83030,107368,56901,63549,62687,55567,66575,14165,66335,0,85593,75966,77547,86003,79097,75757,88071,165466,140919,66539,100944,90584,82093,64592,105090,64957,97522,70859,70836,63594,112022,92916,80616,49180,64855,27355,26842,60255,97474,73595,80244,81469,86260,62020,70925,45228,73020,80646,60537,64192,56694,79179,61895,94485,68601,74211,92181,93833,90296,76814,90566,85399,32823,64826,167230,68628,63281,62253,82769,67367,87990,58540,61825,67409,58982,153223,81856,9702,73764,4962,68411,100717,66450,54740,63599,81638,71894,61834,69194,66482
41,23289,39126,22816,33804,36395,32349,83430,56695,43268,24025,17289,45039,51460,63147,61280,31723,38032,13103,69692,20178,3702,22708,39226,61240,45880,39275,16452,20953,21217,11982,34226,20574,51685,31193,29804,30910,47336,24346,97933,27945,85611,0,15859,32092,22243,12860,14050,37529,80702,56155,28926,35944,14456,11481,65482,49202,25211,44829,22713,23904,29494,27258,27340,14466,36987,32009,63378,65297,36329,40302,18843,19732,18788,31490,28274,19631,63551,27951,17965,27571,48112,31216,6808,43635,12896,23146,19459,40619,9273,27802,22062,14438,10752,61361,32366,82466,25779,25018,30744,4099,23739,13439,35317,32039,20743,31722,68459,27086,92612,18270,88730,26578,37565,26231,39315,31729,36536,17748,32674,28973,40460
42,12190,53938,11202,24453,27339,22408,73489,62416,34831,12412,9439,36602,41519,57803,51340,21782,28092,17913,59751,8564,18309,37521,29285,57710,38445,29335,8908,9136,14396,26794,49039,12724,43248,21252,19863,20969,37395,12732,87992,20655,75670,15642,0,20479,15696,9905,5107,28178,95514,70967,21635,30600,20633,12901,55541,40970,17920,36392,15891,12073,19553,42070,22572,9344,27046,22068,53438,55356,26388,32603,12503,10382,10938,22140,18333,9439,53610,16337,10115,17453,38172,21275,9227,33694,24533,11532,13119,32286,23881,19952,15722,20614,15562,51420,25075,97278,14165,14900,21204,12817,12125,18038,25376,22181,13921,21781,83271,17736,82671,11996,78790,19287,32222,16757,29375,21788,26367,8321,22733,17359,30519
43,13841,68182,13408,9117,24853,23982,75063,69516,32345,9337,24456,34116,43094,64903,52914,23357,29666,33776,61326,14566,34287,51764,30859,64810,35959,30909,17570,16494,17600,42772,63282,20385,40762,22827,21437,22543,38970,12679,89567,22306,77245,31620,20452,0,23357,25045,19217,25692,109758,85422,23286,37699,36611,28041,57116,38484,19571,33906,21176,14636,21128,56313,30270,25102,28620,23642,55012,56931,27962,30867,21165,17589,21588,19654,19908,15411,55184,9805,23510,19027,39746,22849,25205,35268,40511,9058,21782,29800,39859,27650,24385,36592,31425,52994,26726,103723,11305,16475,22778,28795,10978,31812,26951,23756,17694,23355,97515,12846,84246,21335,80364,20938,34110,18331,30949,23363,6072,16983,24307,12732,32093
44,22613,48836,21944,24526,18047,32754,83835,50769,24920,22255,9139,26690,51866,46156,61686,32129,38438,25725,70098,19306,24690,32419,39631,46063,28889,39681,19649,16485,25137,24719,43936,3177,33336,31599,30210,31315,47742,22790,98339,31078,86017,22023,15858,23564,0,21671,13013,24796,90412,66675,32058,18953,27014,24104,65888,30854,28343,26481,26633,17138,29900,36968,10924,12686,37392,32414,63784,65703,36734,22104,23244,9000,8019,15923,28680,20180,63956,26180,7504,27799,48518,31621,17169,44041,30914,21375,23861,22270,30262,8304,26464,26996,23374,61766,35498,84976,24008,25247,31550,19198,21968,9098,35723,32528,24663,32127,78169,17808,93018,23414,89136,29710,20574,27103,39721,32135,27258,19062,33079,27202,40865
45,16630,51094,16052,31615,34207,25690,76771,68077,41080,17262,15100,42850,44801,63464,54622,25064,31374,11689,63034,13415,15466,34677,32567,63372,44489,32617,9793,15502,14559,23950,46195,18385,49496,24534,23145,24251,40678,17582,91274,21287,78952,12798,9859,25329,21357,0,11861,35340,92670,68124,22267,36261,17910,3656,58823,47014,18553,42641,16054,17383,22836,39226,28233,12277,30328,25350,56720,58639,29670,38264,12184,17544,16599,29301,21616,12972,56892,21187,15777,20912,41454,24557,6384,36976,21811,16382,12801,38430,21037,25613,15403,17892,9950,54702,25707,94434,19015,18360,24085,9973,16975,15195,28658,25380,14084,25063,80427,24897,85953,11611,82072,19919,37883,19572,32657,25070,31217,11089,26015,22209,33801
46,12226,52060,11238,20375,23260,22444,73525,59388,30752,12448,6411,32523,41555,54775,51376,21818,28128,16035,59787,8600,16431,35642,29321,54682,34366,29371,8944,7501,14432,24916,47160,9695,39169,21288,19899,21005,37431,12768,88028,20691,75706,13763,5162,19413,12668,11851,0,24100,93636,69089,21671,27572,18754,14413,55577,36891,17956,32313,15927,10475,19589,40191,19543,7054,27082,22104,53474,55392,26424,29275,12539,6303,7910,18061,18370,9475,53646,16373,7087,17489,38208,21311,7349,33730,22655,11568,13156,28208,22002,16923,15758,18736,13684,51456,25111,93595,14201,14936,21240,10939,12161,15589,25412,22217,13957,21817,81393,13657,82707,12708,78826,19323,29193,16793,29411,21824,23107,8357,22769,17395,30555
47,28627,63210,28194,22101,10003,38768,86537,53780,11608,28269,28808,13379,57880,49167,64388,34127,41983,39284,72800,25615,39680,46792,45722,49075,18983,38101,30011,23303,32386,39093,58310,23234,19874,36966,35726,31661,53756,28803,101040,37092,88718,37013,28034,25633,24763,35101,23763,0,104786,69687,38072,21964,42004,37663,71902,21508,34357,11419,34752,23152,35914,51341,29411,30303,43406,35754,66486,68404,29529,15132,33606,22135,26134,13581,34694,29048,66658,32194,27093,33813,54532,37635,30599,50054,45904,27389,34223,4486,45252,27483,36826,41986,36933,64468,41512,85487,30022,31261,37564,34188,27982,33218,38797,38542,32480,35281,92543,14166,95719,33776,91838,35724,18375,33117,43266,32141,24833,29424,35078,33216,34727
48,102385,52026,101911,112016,98144,111444,162525,79049,104820,103121,96385,106591,130556,74584,140376,110818,117128,92198,148788,99274,79672,66933,118321,80278,99405,118371,95547,100049,100313,68515,56580,90866,106365,110289,108899,110005,126432,103441,177029,107041,164706,80099,94954,111188,91248,91956,93146,106009,0,53794,108021,89469,92020,90577,144577,108314,104307,106381,101808,102999,108590,56206,80865,93561,116082,111104,142474,144393,115424,93828,97938,96490,95469,102047,107370,98726,142646,107047,94955,106666,127208,110311,85904,122730,90462,102241,98555,102171,84770,83827,101158,93534,89847,140456,111461,58432,104874,104114,109839,83195,102834,92535,114412,111134,99838,110817,19341,105298,171707,97365,167826,105673,91090,105326,118411,110824,114748,96843,111769,108068,119555
49,77537,21960,77064,86446,61895,86597,137678,48983,64906,78273,71537,63273,105708,21196,115528,85971,92280,67351,123940,74426,54824,42085,93474,40800,63156,93523,70700,75201,75465,43667,26514,66176,52977,85441,84052,85158,101584,78594,152181,82193,139859,55251,70106,85484,66558,67108,68298,69760,53693,0,83174,50654,67173,65729,119730,56810,79459,63779,76961,78152,83742,31358,56018,68713,91235,86257,117626,119545,90577,57579,73091,71800,70779,73432,82522,73879,117799,82199,70265,81818,102360,85464,61056,97883,65614,77394,73707,65922,59922,58980,76310,68686,65000,115609,86613,27961,80026,79266,84992,58347,77987,67687,89565,86287,74991,85970,64724,77801,146860,72518,142978,80826,54842,80479,93563,85977,89178,71995,86922,83221,94708
50,10208,66915,12299,32109,37087,10455,64128,78388,44579,14722,25590,46350,32159,73775,41979,15545,20020,30775,50391,15699,31286,50498,19924,73682,48193,21263,13623,18379,9803,39771,62016,28658,52996,14332,14223,14732,28035,12797,78632,4561,66310,28619,21586,23175,31630,22122,21377,37927,108491,83944,0,46572,33610,25118,43906,50718,4458,46140,12361,16464,13914,55047,38544,26236,17685,15831,44077,45996,20151,43102,16620,25872,27089,31888,12694,15062,44249,18648,26266,10204,28811,11573,22205,24334,37510,14229,17237,42035,36858,35923,19839,33592,28424,42059,6953,110255,14850,8087,7335,25794,12995,31015,17304,8921,10434,15678,96248,27484,73311,16789,69429,8771,46345,10820,21303,15551,29063,14919,16496,17954,24282
51,37829,46817,37120,38861,14310,47970,99051,34314,20987,37470,26214,22758,67081,30299,76901,47344,53653,41030,85313,34482,33858,30400,54847,29595,15572,54896,34826,31700,40313,22701,41918,18592,28594,46814,45425,46531,62957,38005,113554,46293,101232,34285,31034,37900,18974,36847,28189,22176,88394,50819,47273,0,43750,39409,81103,24481,43559,22548,41809,32353,45115,34949,13019,29374,52608,47630,78999,80918,51253,9994,38421,24215,23195,25848,43895,35356,79172,41396,22680,43014,63734,46837,32345,59256,44648,36590,39037,18338,38956,15362,41640,43732,38679,76982,50713,69120,39223,40462,46765,35935,37183,27271,50938,47743,39839,47343,76151,30217,108233,38590,104351,44926,7257,42319,54936,47350,41594,34238,48295,42417,56081
52,28167,51299,27694,38681,41273,37226,88307,68868,48146,28903,22167,49917,56338,70531,66158,36601,42910,17692,74570,25056,13389,34881,44103,70438,51555,44153,21329,25831,26095,24155,46399,25451,56563,36071,34681,35787,52214,29223,102811,32823,90489,14353,20736,36970,27121,17738,18928,42406,92875,68328,33803,43327,0,16178,70360,54080,30089,49707,27590,28782,34372,39430,35299,19343,41864,36886,68256,70175,41206,45330,23720,24610,23666,36367,33152,24508,68428,32829,22843,32448,52990,36093,11686,48512,4014,28023,24337,45497,9297,32679,26940,2456,13643,66238,37243,94639,30656,29896,35621,11582,28616,18317,40195,36916,25620,36599,80632,31964,97489,23147,93608,31456,44949,31108,44193,36607,41414,22625,37551,33850,45337
53,19580,49626,19002,34193,36785,28640,79721,67195,43657,20211,17678,45428,47751,66042,57571,28014,34323,8487,65983,16364,13997,33209,35517,65949,47066,35566,12743,18452,17508,22482,44726,20963,52074,27484,26095,27201,43627,20532,94224,24237,81902,11330,12809,28278,24112,3577,14439,37918,91202,66655,25217,38839,16021,0,61773,49592,21502,45218,19004,20333,25785,37758,30811,14855,33278,28300,59669,61588,32620,40842,15134,20122,19177,31879,24565,15922,59842,24137,18354,23862,44404,27507,7975,39926,19921,19332,15750,41008,19569,28191,18353,16003,7846,57652,28657,92966,21964,21309,27035,8505,19925,15308,31608,28330,17034,28013,78959,27475,88903,14561,85021,22869,40461,22522,35606,28020,34167,14039,28965,25159,36751
54,45032,103536,46325,64300,71106,36991,62987,112406,78598,48741,59616,80369,26598,107793,29164,40476,41719,67396,37575,49726,67907,87119,37095,107701,82212,43478,50244,52398,46962,76392,98637,62677,87015,36548,43196,42597,39291,46222,77490,43389,65168,65240,55612,57194,65649,58744,55404,71945,145112,120565,43594,80590,70231,61739,0,84737,44603,80159,50505,50483,43241,91668,72562,60262,34856,44502,42936,44854,48109,77120,53241,59891,61115,65907,41666,50571,31434,52666,60292,40184,22432,36340,58826,27321,74131,48247,53858,76053,73479,69942,56460,70213,65046,40918,41402,146876,48275,42927,41938,62415,47013,67637,39520,41472,47056,38891,132869,61503,72169,53410,68288,48058,80363,46096,43002,43509,63082,51540,41743,48840,47050
55,41334,65242,40901,39301,14647,51475,102556,55812,12896,40975,36807,10147,70586,45444,80406,50849,57158,51622,88818,38322,52282,48824,58352,51107,9635,58401,42718,36009,45092,41125,60342,29414,7802,50319,48930,50036,66462,41510,117059,49798,104737,49351,40741,38339,30943,47439,36469,21308,106818,57279,50778,23996,54342,50001,84608,0,47064,18128,47459,35858,48620,53373,31443,39966,56113,51135,82504,84423,50386,17164,46313,34842,33787,26287,47400,41754,82677,44901,33273,46519,67238,50342,42937,62761,58243,40095,46929,17470,57380,33662,49532,54324,49272,80487,54218,70095,42728,43967,50270,46527,40688,39398,54443,51248,45187,50848,94575,30656,111738,46482,107856,48431,20407,45824,58441,50855,42033,42130,51800,45922,55584
56,6651,63358,8741,28552,33530,11297,62378,74831,41022,11165,22033,42793,30409,70218,40229,12277,18269,27218,48641,12142,27729,46941,18174,70125,44636,19513,10066,14822,6246,36214,58459,25101,49439,11642,10955,11464,26285,9240,76882,3472,64560,25062,18029,19618,28073,18565,17820,34370,104934,80387,4452,43015,30053,21561,44430,47161,0,42583,8839,12907,10645,51490,34987,22679,15935,12563,42327,44246,16883,39545,13063,22315,23532,28331,9425,11505,42499,15091,22709,6936,27061,10164,18648,22583,33953,10672,13679,38478,33301,32366,16282,30034,24867,40309,7892,106698,11293,4806,7346,22237,9437,27458,15554,8641,6877,12410,92691,23927,71560,13232,67679,5249,42788,7614,19553,12283,25506,11362,13228,14397,21014
57,37189,63728,36756,33170,10504,47330,96384,54299,9244,36831,32793,11014,66442,49686,74235,43974,51830,47609,82647,34178,48005,47311,54207,49593,17684,47949,38573,31865,40948,39612,58829,25400,11292,46175,44785,41508,62318,37366,110888,45654,98565,45337,36597,34195,26929,43425,32325,11520,105304,64088,46634,22483,50328,45987,80464,18321,42919,0,43315,31714,44476,51860,29929,35952,51968,45601,76333,78252,39376,15651,42168,30697,29773,22143,43256,37610,76505,40756,29259,42375,63094,46197,38923,58617,54229,35951,42785,8332,53576,29648,45388,50310,45258,74315,50074,76905,38584,39823,46126,42513,36544,35384,48644,47104,41042,45128,93061,25235,105566,42338,101685,44286,18894,41679,53113,41988,35902,37986,44925,41778,44574
58,8240,60792,8773,30141,33935,17339,68420,73023,41427,12754,20046,43197,36450,68410,46270,16713,23022,24652,54682,10905,25163,44374,24216,68317,45040,24265,7500,14162,4201,33648,55892,23331,49843,16183,14794,15900,32326,10829,82923,11221,70601,22495,16043,21207,26303,15999,15834,34774,102368,77821,12201,41207,27486,18995,50472,47565,8528,42988,0,13311,14484,48923,33179,20693,21977,16999,48368,50287,21318,39949,10497,21031,21545,28735,13264,9018,48541,16680,20723,12560,33102,16205,16081,28625,31387,12261,11113,38882,30734,30559,13716,27468,22301,46351,15641,104132,12882,10008,14013,19671,11027,24892,20307,15308,3818,16711,90125,24331,77602,10666,73720,7522,42829,10593,24305,16719,27095,8796,17664,15986,25449
59,7449,61831,7016,19441,22326,17590,68671,63627,29818,7090,15800,31589,36701,59014,46521,16964,23273,25806,54933,5090,26203,45414,24467,58921,33432,24516,10029,3630,11208,34688,56932,13897,38235,16434,15045,16151,32577,7625,83174,15913,70852,23535,12236,14761,16869,17504,10285,23166,103408,78861,16893,31811,28526,20500,50723,35957,13179,31379,13574,0,14735,49963,23782,16826,22228,17250,48619,50538,21570,28341,13624,11044,14467,17127,13515,7870,48792,11016,15221,12634,33354,16457,17121,28876,32426,6210,14241,27273,31774,21162,16843,28508,23456,46602,20333,97834,8843,10082,16385,20711,6803,24979,20558,17363,11302,16963,91165,12723,77853,13793,73971,14546,31584,11939,24556,16970,20650,9442,17915,12037,25701
60,9286,67790,10579,24702,35360,10051,61132,76661,42852,12995,23870,44623,29162,72048,38982,7681,15734,31650,47394,13980,32162,51373,16928,71955,46466,16977,14499,16652,11216,40646,62891,26931,51269,8895,3598,6868,25038,9467,75635,13096,63313,29494,19867,21448,29903,22998,19658,36199,109366,84820,14023,44844,34485,25994,43184,48991,10637,44413,14759,14737,0,55922,36816,24517,14689,7966,41080,42999,12286,41375,17495,24145,25369,30161,2068,14825,41253,16934,24546,5277,25814,8918,23080,21337,38385,12501,18112,40307,37733,34196,20715,34467,29300,39063,16810,111130,10453,7390,12502,26670,11267,31891,13019,12107,11310,8834,97123,25757,70314,17665,66432,14092,44618,10673,17017,7687,23953,15794,8631,9898,16417
61,49598,14993,49125,59229,45357,58658,109739,32562,52034,50334,43598,53805,77769,52813,87589,58032,64341,39412,96001,46487,26885,14146,65535,43775,46619,65584,42761,47262,47526,15728,10094,38080,59641,57502,56113,57219,73645,50655,124242,54254,111920,27312,42167,58401,38462,39169,40359,53222,56569,32022,55235,36682,39234,37790,91791,55527,51520,53595,49022,50213,55803,0,28079,40774,63296,58318,89687,91606,62638,41041,45152,43703,42683,49261,54583,45940,89860,54260,42168,53879,74421,57525,33117,69944,37675,49455,45768,49385,31983,31041,48371,40747,37061,87670,58674,58333,52087,51327,57053,30408,50048,39748,61626,58348,47052,58031,44326,52511,118921,44579,115039,52887,38304,52540,65624,58038,61961,44056,58983,55282,66769
62,29708,38308,28999,31621,21706,39849,90930,43840,28382,29350,18094,30153,58961,40234,68781,39224,45533,32910,77193,26362,25349,21891,46726,39121,22967,46776,26705,23580,32193,14192,33409,10471,35989,38694,37304,38410,54837,29884,105434,38173,93112,25776,22913,30659,10853,28726,20069,29571,79885,55338,39153,13031,35629,31288,72983,31876,35438,29943,33688,24233,36995,26440,0,21253,44487,39509,70879,72798,43829,17390,30300,16095,15074,21652,35775,27236,71051,33275,14560,34894,55613,38716,24224,51135,36139,28470,30917,25733,30447,3432,33519,35611,30559,68861,42593,79054,31103,32342,38645,27814,29063,19151,42817,39623,31718,39222,67641,24903,100112,30469,96231,36805,14652,34198,46816,39230,34353,26118,40174,34297,47960
63,16965,52260,15977,26801,27575,27183,78264,61446,34448,17187,6298,36219,46294,56833,56115,26557,32867,16235,64527,13340,16631,35843,34060,56740,37857,34110,13683,13912,19171,25116,47361,11754,42865,26028,24638,25744,42171,17507,92767,25430,80445,13964,9286,25254,12788,12052,7047,30526,93836,69289,26410,29630,18955,14614,60316,40382,22696,36009,20666,16848,24329,40392,21602,0,31821,26843,58213,60132,31163,31632,17278,12539,9968,24487,23109,14214,58385,21113,9145,22228,42947,26050,7550,38469,22855,16307,17895,31799,22203,18981,20497,18937,13884,56195,29850,95600,18940,19675,25979,11139,16900,12407,30151,26957,18696,26556,81593,20083,87446,17462,83565,24062,31251,21532,34150,26563,29533,13096,27508,22134,35294
64,17463,75967,18756,36731,43537,9422,47547,84837,51029,21172,32047,52800,21797,80224,25397,12644,10748,39827,33809,22157,40338,59550,3343,80132,54643,14942,22675,24829,19393,48823,71068,35108,59446,8979,15626,14765,17673,18652,62050,18412,49728,37671,28043,29625,38080,31174,27834,44376,117543,92996,18616,53021,42662,34170,35819,57168,17034,52590,22936,22914,15672,64099,44993,32693,0,16933,27495,29414,18791,49551,25672,32322,33546,38338,14097,23002,27668,25097,32723,12615,18450,8771,31257,13972,46562,20678,26289,48484,45910,42373,28891,42644,37477,25478,16903,119307,20706,15358,14330,34846,19444,40068,10984,13903,19487,11059,105300,33934,56729,25841,52847,20489,52794,18527,12031,15677,35513,23971,13911,21271,18514
65,11586,70090,12878,27654,37659,11414,62495,78960,45152,15294,26170,46922,30525,74347,40346,6068,15895,33950,48758,16279,34461,53672,18291,74254,48765,17138,16798,18951,13515,42946,65190,29230,53568,8907,6344,5324,26402,12775,76998,14990,64676,31793,22166,23747,32203,25297,21957,35471,111666,87119,15917,47144,36784,28293,44547,51290,12532,44922,17059,17036,8111,58222,39116,26816,16052,0,42444,44363,10743,43674,19795,26444,27669,32460,6536,17125,42616,19220,26846,6640,27178,10281,25379,22700,40685,14801,20411,39580,40032,36496,23014,36766,31599,40426,18704,113430,14654,9335,14396,28969,13567,34190,13179,13624,13609,7222,99423,28056,71677,19964,67796,15986,46917,12504,17178,6143,28252,18094,7019,14098,14874
66,44306,102810,45598,59213,70380,36265,23997,111680,77872,48014,58890,79642,40704,107067,20470,39487,32377,66670,19040,48999,67181,86393,28843,106974,81485,41419,49518,51671,46235,75666,97910,61950,86288,35821,42469,41607,34487,45495,40246,45255,27923,64513,54886,56467,64923,58017,54677,66991,144386,119839,45459,79864,69504,61013,43512,84010,43877,76442,49779,49756,42514,90942,71836,59536,28100,43775,0,7428,39175,76394,52515,59164,60389,65180,40940,49845,18002,51940,59566,39457,43112,35614,58099,40815,73405,47521,53131,71101,72753,69216,55734,69486,64319,9708,43746,146150,47548,42201,41173,61689,46287,66910,37460,40745,46329,37902,132143,60776,33180,52684,31043,47331,79637,45370,33660,42519,60558,50814,40754,48114,45402
67,45819,104323,47112,60726,71893,37778,23509,113193,79385,49528,60403,81156,42217,108581,23999,41000,33890,68183,25950,50513,68695,87906,30357,108488,82999,42932,51032,53185,47749,77179,99424,63464,87802,37335,43983,43121,36000,47009,39757,46768,27435,66027,56399,57981,66436,59531,56191,68504,145899,121353,46973,81377,71018,62527,45026,85524,45390,77956,51292,51270,44028,92455,73349,61050,29613,45289,7040,0,40689,77907,54028,60678,61902,66694,42453,51358,24912,53454,61079,40971,44625,37128,59613,42328,74918,49034,54645,72614,74266,70729,57247,71000,65833,11221,45259,147663,49062,43715,42686,63203,47800,68424,38974,42259,47843,39415,133656,62290,32691,54198,30555,48845,81150,46884,35173,44033,62072,52327,42267,49627,46915
68,16252,74756,17544,21732,39137,16081,58617,82914,40742,19961,30836,42513,34607,78302,36468,9412,14063,38616,44880,20945,39127,58339,17802,78209,48117,9750,21464,23617,18181,47612,69857,33896,49008,12251,11011,6945,30483,17441,73121,19656,60799,36460,26832,28414,36869,29963,26623,29510,116332,91785,20584,51098,41451,32959,48345,50642,17198,38961,21725,21702,12777,62888,43782,31482,18798,11038,38566,40485,0,44266,24461,31110,32335,37126,11202,21791,38739,23886,31512,11306,31259,14947,30046,26782,45351,19467,25077,33620,44699,41162,27680,41433,36265,36548,23370,112474,19320,14002,19062,33635,18233,38856,10878,18290,18275,10565,104089,27625,67800,24630,63918,20653,47509,17171,15346,7425,23077,22760,10362,18764,6790
69,33710,50950,33277,31678,7126,43851,94932,41521,13803,33352,28040,15574,62963,36908,72783,43226,49535,42856,81195,30699,37991,34533,50728,36815,14793,50778,35094,28386,37469,26834,46051,20648,21410,42696,41306,42412,58839,33886,109436,42175,97114,38418,32860,30716,22177,38673,28846,14992,92527,57428,43155,9705,45576,41235,76985,17297,39440,15364,39836,28235,40997,39082,17151,31200,48489,43511,74881,76800,44069,0,38689,26041,25021,18664,39777,34131,75053,37277,24507,38896,59615,42718,34171,55137,48781,32472,39306,11154,43089,19495,41909,45558,40506,72863,46595,75728,35105,36344,42647,37761,33065,30632,46820,43625,37563,43224,80283,23033,104114,38859,100233,40807,3880,38200,50818,43232,34410,34507,44176,38299,49268
70,11245,57134,11302,30498,33045,20305,71386,69931,40537,13497,16954,42308,39416,65318,49236,19679,25988,20995,57648,9650,21506,40717,27182,65225,44151,27231,4408,12209,9173,29991,52235,20239,48954,19149,17760,18866,35292,13834,85889,15901,73567,18838,12684,21564,23211,12471,12742,33885,98711,74164,16882,38115,23829,15338,53438,46676,13167,42098,10669,13619,17450,45266,30087,17601,24943,19965,51334,53253,24284,39060,0,17939,18453,27846,16230,7587,51507,17423,17630,15526,36068,19171,12424,31591,27729,12617,1745,37993,27077,27467,4347,23811,18644,49316,20321,100475,15250,12974,18700,16014,13210,21235,23273,19994,8699,19677,86467,23442,80568,1601,76686,14534,39737,14187,27271,19685,27452,5703,20629,18444,28415
71,16551,53805,16118,18688,21574,26692,77773,55738,28740,16192,10122,30511,45803,51125,55623,26066,32375,21706,64035,11380,22102,37388,33569,51032,32149,33618,14225,8193,19713,29688,48905,6008,37157,25536,24147,25253,41679,16727,92276,25015,79954,19435,10457,17726,8980,17523,6185,22413,95381,71644,25995,23921,24426,20085,59825,34674,22281,30301,21208,11167,23837,41937,15893,11798,31330,26352,57721,59640,30671,25924,17820,0,4840,16374,22617,14756,57894,20118,7706,21736,42455,25559,13021,37978,28326,15312,18437,26091,27674,13273,21039,24408,19355,55704,29435,89945,17945,19184,25487,16610,15905,17435,29660,26465,19238,26064,83138,11970,86955,17989,83073,23647,25543,21041,33658,26072,21420,13638,27017,21139,34803
72,17984,52722,16996,22665,20784,28202,79283,54655,27657,18206,6532,29428,47313,50042,57134,27576,33886,20907,65546,14359,21303,36305,35079,49949,31066,35129,14702,11531,20190,28605,47822,4962,36074,27046,25657,26763,43190,18526,93786,26449,81464,18635,10910,21704,7935,16723,8066,26390,94298,70561,27429,22839,23626,19285,61335,33591,23714,29218,21685,14504,25348,40854,14810,9250,32840,27862,59232,61150,32182,24841,18297,4805,0,18660,24128,15233,59404,22131,3098,23247,43966,27069,12221,39488,27527,17326,18914,25008,26874,12190,21516,23608,18556,57214,30869,88862,19959,20694,26998,15811,17919,15710,31170,27975,19715,27575,82055,15948,88465,18466,84584,25081,24460,22551,35169,27582,25398,14115,28527,23153,36313
73,22538,59323,22104,20505,12919,32679,83760,57749,20411,22179,21935,22182,51790,53136,61610,32053,38362,33194,70022,19526,33591,42906,39556,53043,24025,39605,23922,17213,26296,35206,54423,14543,28828,31523,30134,31240,47666,22714,98263,31002,85941,30923,21945,19543,16072,29011,17673,13759,100899,73655,31982,25933,35914,31573,65812,26550,28268,21972,28663,17062,29824,47455,21411,24214,37317,32339,63708,65627,36658,19101,27517,16045,18916,0,28604,22958,63881,26105,18401,27723,48442,31545,24509,43965,39814,21299,28133,17867,39162,18791,30736,35896,30844,61691,35422,91956,23932,25171,31474,28099,21892,24527,35647,32452,26390,32051,88656,11860,92942,27686,89060,29634,22344,27028,39645,32059,23237,23334,33003,27126,40789
74,8075,66579,9367,22836,34148,8610,59691,75449,41640,11783,22659,43411,27721,70836,37541,6240,14293,30439,45953,12768,30950,50161,15487,70743,45254,15536,13287,15440,10004,39435,61679,25719,50057,7454,1732,5426,23597,9075,74194,11884,61872,28282,18655,20236,28692,21786,18446,34988,108155,83608,12811,43633,33273,24782,41743,47779,9426,43202,13548,13525,2065,54710,35605,23305,13248,6525,39639,41558,10845,40163,16284,22933,24158,28949,0,13613,39812,15709,23335,3836,24373,7477,21868,19896,37174,11290,16900,39096,36521,32984,19503,33255,28088,37622,15598,109919,10061,6178,11290,25458,10056,30679,11578,10819,10098,7393,95912,24545,68873,16453,64991,12880,43406,9462,15576,6246,22087,14583,7190,9506,14976
75,7286,58116,6298,24508,28252,17504,68585,66658,35745,7507,13681,37515,36615,62045,46436,16878,23187,21976,54847,4054,22487,41699,24381,61952,39358,24430,4226,7311,7615,30972,53216,16966,44161,16348,14959,16065,32491,7828,83088,14343,70766,19819,9677,15574,19938,13323,9468,29092,99692,75145,15323,34842,24810,16319,50637,41883,11609,37306,9110,7629,14649,46248,26814,14327,22142,17164,48533,50452,21484,34267,7821,14665,15180,23053,13429,0,48706,11433,14357,12548,33268,16371,13405,28790,28711,6628,8437,33200,28059,24193,11040,24792,19625,46516,18763,101456,9261,9996,16299,16995,7221,22216,20472,17277,7140,16877,87449,18649,77767,7990,73885,12975,36463,11853,24470,16884,21463,2438,17829,12455,25615
76,43737,102241,45030,58644,69811,35696,41795,111111,77303,47446,58321,79074,38025,106498,3306,38918,31808,66101,6812,48430,66612,85824,28275,106406,80916,40850,48949,51103,45666,75097,97342,61382,85720,35253,41900,41038,33918,44926,58044,44686,45722,63945,54317,55899,64354,57448,54108,66422,143817,119270,44890,79295,68936,60444,30963,83442,43308,75873,49210,49188,41946,90373,71267,58967,27531,43207,18305,25226,38607,75825,51946,58595,59820,64611,40371,49276,0,51371,58997,38889,30562,35045,57531,39832,72836,46952,52563,70532,72184,68647,55165,68918,63750,17579,43177,145581,46980,41632,40604,61120,45718,66342,36891,40177,45761,37333,131574,60208,50978,52115,48841,46763,79068,44801,33091,41951,59990,50245,40185,47545,44833
77,9624,66018,9511,18897,31305,19765,70846,72605,38797,4575,20558,40568,38876,67993,48696,19139,25448,29878,57108,10668,30390,49601,26642,67900,42411,26691,13673,12597,13382,38874,61119,22876,47214,18609,17220,18326,34752,7917,85349,18088,73027,27722,16555,9963,25848,21148,16346,32144,107594,83048,19068,40789,32713,24144,52898,44936,15354,40358,16955,10682,17296,54150,32761,21205,24403,19425,50794,52713,23744,37319,17268,20090,22057,26106,15690,11513,50967,0,21235,14809,35528,18632,21308,31051,36613,5663,17884,36252,35961,30141,20487,32695,27528,48777,22508,106813,6543,12257,18560,24898,6349,29737,22733,19538,13476,19137,95351,21702,80028,17437,76146,16720,40562,14114,26731,19145,15851,13086,20090,7969,27876
78,17302,52263,16314,24668,20325,27519,78600,54196,27198,17523,5408,28969,46631,49583,56451,26894,33203,20224,64863,13676,20620,35846,34396,49490,30607,34446,14019,12298,19507,28147,47364,4504,35615,26364,24974,26080,42507,17843,93104,25766,80782,17953,10228,23706,7476,16041,7383,27075,93839,70102,26746,22380,22944,18603,60653,33132,23032,28759,21003,15272,24665,40395,14352,8568,32157,27179,58549,60468,31499,24382,17614,7549,3044,18201,23445,14550,58721,21449,0,22564,43283,26386,11539,38806,26844,16643,18231,24549,26192,11731,20834,22926,17873,56531,30186,88403,19276,20012,26315,15128,17236,14586,30488,27293,19033,26892,81596,17950,87783,17784,83901,24399,24001,21868,34486,26900,27400,13432,27844,22470,35630
79,7049,65833,8341,26502,33123,7143,58224,74423,40615,10757,21633,42386,26255,69810,36075,6418,12827,29693,44487,11742,30205,49416,14020,69717,44228,14070,12542,14414,9259,38689,60934,24693,49032,5988,5397,5605,22131,8238,72728,9406,60405,27537,17629,19211,27666,21041,17420,33962,107409,82863,10334,42607,32528,24037,40276,46753,6948,42176,12802,12499,5442,53965,34579,22279,11781,6703,38173,40092,11023,39137,15538,21907,23132,27923,3868,12588,38345,14683,22309,0,22907,6010,21123,18429,36428,10264,16155,38070,35776,31959,18758,32510,27343,36155,13120,109173,10291,3752,8812,24713,9030,29934,10111,8040,9353,6516,95166,23519,67406,15708,63525,10403,42380,6921,14110,6424,25099,13837,7368,11071,15154
80,27778,86282,29071,47046,53852,19738,62609,95153,61344,31487,42363,63115,8261,90540,28786,23223,24607,50143,37198,32472,50654,69865,19842,90447,64958,26225,32991,35144,29708,59139,81383,45423,69761,19294,25942,25343,22038,28968,77113,28728,64791,47986,38359,39940,48395,41490,38150,54692,127859,103312,28932,63337,52977,44486,22595,67483,27350,62905,33252,33229,25987,74414,55309,43009,17603,27248,42558,44477,30855,59867,35987,42637,43861,48653,24412,33317,31056,35413,43039,22930,0,19087,41572,10068,56878,30994,36604,58800,56225,52688,39207,52959,47792,40540,27219,129623,31021,25674,24646,45162,29760,50383,22266,24218,29802,21638,115616,44249,71791,36157,67910,30804,63110,28843,25890,26255,45828,34287,24490,31586,29796
81,10924,69428,12217,30192,36998,2307,54358,78299,44490,14633,25508,46261,22388,73686,32208,7192,10249,33288,40620,15618,33800,53011,10154,73593,48104,11492,16137,18290,12854,42284,64529,28569,52907,4561,9088,9295,18264,12114,68861,11296,56539,31132,21504,23086,31541,24636,21296,37837,111004,86458,11501,46482,36123,27632,36410,50629,10495,46051,16397,16375,9133,57560,38454,26155,7914,10394,34306,36225,14714,43012,19133,25783,27007,31799,7558,16463,34479,18559,26184,6076,19040,0,24718,14563,40023,14139,19750,41945,39371,35834,22353,36105,30938,32288,9788,112768,14167,8820,7215,28308,12905,33529,7533,6787,12948,5607,98761,27395,63540,19303,59658,13950,46256,11989,11532,10114,28974,17432,8458,14732,15063
82,16760,45046,16287,27275,29866,25820,76901,62615,36739,17496,10760,38510,44931,59124,54751,25194,31503,9459,63163,13649,9417,28629,32697,59031,40148,32746,9923,14424,14688,17902,40147,14044,45156,24664,23275,24381,40807,17817,91404,21416,79082,6750,9329,25563,17017,6331,7521,30999,86622,62075,22397,31921,11741,7838,58953,42673,18682,38300,16184,17375,22965,33178,23893,7936,30458,25480,56849,58768,29799,33923,12314,13203,12259,24961,21745,13102,57022,21422,11436,21041,41583,24686,0,37106,15641,16617,12930,34090,14989,21272,15533,11722,7108,54832,25836,88386,19249,18489,24215,3925,17209,9146,28788,25509,14214,25192,74379,20557,86083,11741,82201,20049,33542,19702,32786,25200,30007,11218,26144,22444,33930
83,23018,81522,24311,42286,49092,14978,59286,90393,56584,26727,37602,58355,13153,85780,37137,18463,19847,45383,45548,27712,45894,65105,15082,85687,60198,21465,28231,30384,24948,54379,76623,40663,65001,14534,21182,20583,17342,24208,73789,23967,61467,43226,33599,35180,43635,36730,33390,49932,123099,98552,24172,58577,48217,39726,27175,62723,22589,58145,28492,28469,21227,69654,50549,38249,12843,22488,39234,41153,26095,55107,31227,37877,39101,43893,19652,28557,39407,30653,38279,18170,9806,14327,36812,0,52117,26234,31844,54040,51465,47928,34447,48199,43032,37217,22459,124863,26261,20914,19886,40402,25000,45623,17506,19458,25042,16878,110856,39489,68468,31397,64586,26044,58350,24083,21130,21495,41068,29526,19730,26826,25036
84,32115,49673,31642,42630,45221,41175,92256,67242,52094,32852,26115,53865,60286,73694,70107,40549,46859,21641,78518,29004,11764,33256,48052,71787,55503,48102,25278,29779,30043,22529,44773,29400,60511,40019,38630,39736,56162,33172,106759,36772,94437,13272,24685,40918,31070,21686,22876,46355,91249,66702,37752,46491,3970,20127,74308,58029,34037,53655,31539,32730,38320,37805,37887,23292,45813,40835,72204,74123,45155,49279,27669,28559,27614,40316,37100,28457,72377,36777,26791,36397,56939,40042,15634,52461,0,31972,28285,49445,7671,36628,30888,6405,17592,70187,41192,93013,34605,33844,39570,15531,32565,22266,44143,40865,29569,40548,79006,35912,101438,27096,97556,35404,48112,35057,48142,40555,45362,26574,41500,37799,49286
85,5050,61124,4617,18212,26411,15191,66272,67711,33903,1956,15664,35674,34302,63099,44122,14565,20874,24984,52534,5774,25496,44707,22068,63006,37517,22117,8779,7703,8809,33980,56225,17982,42320,14035,12646,13752,30178,4445,80775,13514,68453,22828,11661,9278,20954,16254,11452,27250,102700,78154,14494,35895,27819,19250,48324,40042,10780,35464,12385,5788,12336,49256,27867,16311,19829,14851,46220,48139,19171,32425,12374,15196,17163,21212,11116,6619,46393,5776,16341,10235,30954,14058,16414,26477,31719,0,12990,31358,31067,25247,15593,27801,22634,44203,17934,101919,3818,7683,13986,20004,2187,24843,18159,14964,8903,14564,90457,16808,75454,12543,71572,12147,35668,9540,22157,14571,15167,8192,15516,6903,23302
86,11699,57589,11757,30952,33500,20759,71840,70386,40992,13951,17409,42763,39870,65773,49691,20133,26443,21449,58103,10104,21960,41172,27636,65680,44605,27686,4862,12664,9628,30445,52690,20693,49409,19603,18214,19320,35747,14289,86343,16356,74021,19293,13139,22018,23666,12796,13196,34339,99165,74618,17336,38570,24284,15792,53892,47130,13622,42553,11123,14073,17905,45721,30541,18055,25397,20419,51789,53707,24739,39514,1712,18393,18908,28300,16685,8041,51961,17877,18085,15981,36523,19626,12878,32045,28184,13072,0,38447,27532,27921,3794,24265,19098,49771,20776,100929,15705,13428,19154,16468,13665,21689,23727,20449,9153,20132,86922,23896,81022,2573,77141,14988,40191,14641,27726,20139,27907,6158,21084,18899,28870
87,32502,59337,32069,26027,6130,42643,90464,49907,7837,32143,28401,9608,61754,45295,68314,38054,45910,43158,76726,29490,43555,42919,49648,45202,15110,42028,33886,27177,36261,35220,54437,21009,16156,40893,39653,35588,57630,32678,104967,40966,92645,40887,31909,29507,22538,38975,27638,4378,100913,65814,41946,18091,45878,41537,75776,17635,38232,8285,38627,27026,39788,47469,25538,31561,47281,39680,70412,72331,33455,11259,37481,26010,25382,17455,38568,32923,70585,36069,24868,37687,58406,41510,34473,53929,49779,31263,38097,0,49126,25257,40700,45860,40808,68395,45386,81769,33896,35135,41438,38063,31856,30993,42724,42416,36355,39207,88670,18093,99646,37650,95764,39599,14502,36992,47193,36067,28760,33299,39005,37090,38653
88,31300,43941,30827,41814,44406,40360,91441,61510,51279,32036,25300,53050,59471,67962,69291,39734,46043,21113,77703,28189,6031,27523,47237,66055,50695,47286,24463,28964,29228,16797,39041,28584,59696,39204,37815,38921,55347,32357,105944,35956,93622,9089,23869,40103,30254,20871,22061,45539,85517,60970,36937,40758,9554,19492,73493,57213,33222,52840,30724,31915,37505,32072,32155,22476,44998,40020,71389,73308,44339,45117,26853,27743,26799,39501,36285,27641,71562,35962,25976,35581,56123,39226,14819,51646,7995,31157,27470,48630,0,35117,30073,11989,18763,69371,40376,87281,33789,33029,38755,12110,31749,21450,43328,40049,28754,39732,73274,35097,100623,26281,96741,34589,42380,34242,47326,39740,44547,25758,40684,36984,48470
89,27030,41258,26321,28943,21098,37171,88252,46790,27971,26671,15416,29742,56283,42392,66103,36545,42855,30232,74515,23684,28298,24840,44048,42071,25125,44098,24027,20902,29515,17141,36358,7793,36388,36016,34626,35732,52159,27206,102756,35495,90433,27960,20235,27981,8175,26048,17391,27848,82834,58287,36475,15189,32951,28610,70304,33905,32760,29532,31010,21555,34317,29389,3346,18575,41809,36831,68201,70120,41151,19548,27622,13417,12396,18974,33097,24558,68373,30597,11882,32216,52935,36038,21546,48457,36852,25792,28239,25322,33396,0,30841,32933,27881,66183,39915,81212,28425,29663,35967,25136,26385,16473,40139,36945,29040,36544,70591,22225,97434,27791,93553,34127,16811,31520,44138,36551,31675,23440,37496,31619,45282
90,14159,60048,14216,33412,35959,23219,74300,72845,43451,16411,19868,45222,42330,68232,52150,22593,28902,23909,60562,12564,24420,43631,30096,68139,47065,30145,7322,15123,12087,32905,55149,23153,51868,22063,20674,21780,38206,16748,88803,18815,76481,21752,15598,24478,26125,15256,15656,36799,101625,77078,19796,41029,26743,18252,56352,49590,16081,45012,13583,16533,20364,48180,33001,20515,27857,22879,54248,56167,27198,41974,4171,20853,21367,30760,19144,10501,54421,20337,20544,18440,38982,22085,15338,34505,30643,15531,3662,40907,29991,30381,0,26725,21558,52231,23235,103389,18164,15888,21614,18928,16124,24149,26187,22908,11613,22591,89382,26356,83482,5033,79600,17448,42651,17101,30185,22599,30366,8617,23544,21358,31330
91,28211,52693,27738,38726,41317,37271,88352,70263,48190,28947,22211,49961,56382,70575,66202,36645,42954,17737,74614,25100,15793,36276,44148,70482,51599,44197,21374,25875,26139,25550,47794,25496,56607,36115,34726,35832,52258,29268,102855,32867,90533,14397,20780,37014,27165,17782,18972,42451,94270,69723,33848,43372,2518,16223,70404,54124,30133,49751,27635,28826,34416,40825,35344,19387,41909,36931,68300,70219,41250,45374,23765,24654,23710,36412,33196,24553,68473,32873,22887,32492,53034,36137,11730,48557,6418,28068,24381,45541,11701,32723,26984,0,13688,66283,37287,96034,30700,29940,35666,11626,28660,18361,40239,36960,25665,36643,82027,32008,97534,23192,93652,31500,44993,31153,44237,36651,41458,22669,37596,33895,45382
92,22974,49052,22501,33619,36211,32034,83115,66621,43083,23710,17104,44854,51145,65468,60965,31408,37717,7957,69377,19863,13423,32635,38911,65375,46492,38960,16137,20768,20902,21908,44152,20389,51500,30878,29489,30595,47021,24031,97618,27630,85296,10756,15674,31777,23538,10091,13865,37344,90628,66081,28611,38265,13634,7962,65167,49018,24896,44644,22398,23719,29179,37184,30237,14281,36672,31694,63063,64982,36014,40268,18528,19548,18603,31305,27959,19316,63236,27636,17780,27255,47797,30901,7401,43320,17534,22831,19144,40434,18995,27617,21747,13615,0,61046,32051,92392,25463,24703,30429,7931,23424,14734,35002,31724,20428,31407,78385,26901,92297,17955,88415,26263,39887,25916,39000,31414,36351,17433,32359,28658,40145
93,41852,100356,43145,56760,67926,33812,29374,109227,75418,45561,56436,77189,38250,104614,17400,37034,29924,64217,24029,46546,64728,83939,26390,104521,79032,38965,47065,49218,43782,73213,95457,59497,83835,33368,40016,39154,32033,43042,45622,42801,33300,62060,52433,54014,62469,55564,52224,64538,141933,117386,43006,77411,67051,58560,41059,81557,41423,73989,47326,47303,40061,88488,69383,57083,25646,41322,9323,11242,36722,73941,50061,56711,57935,62727,38486,47391,17446,49487,57113,37004,40658,33161,55646,38362,70951,45068,50678,68647,70299,66762,53281,67033,61866,0,41293,143697,45095,39748,38720,59236,43834,64457,35007,38292,43876,35449,129690,58323,38556,50231,36420,44878,77184,42917,31207,40066,58105,48360,38300,45660,42948
94,13826,70533,15917,35727,40706,8931,62605,82006,48198,18340,29208,49968,30635,77393,40455,15985,18496,34394,48867,19318,34905,54116,18401,77300,51811,19739,17242,21997,13421,43390,65634,32276,56614,12808,16844,17353,26511,16416,77108,4937,64786,32237,25205,26793,35249,25741,24996,41545,112110,87563,7048,50190,37228,28737,41490,54336,8077,49759,15979,20082,16534,58665,42162,29855,16162,18452,42553,44472,22772,46720,20238,29490,30707,35506,15314,18680,42726,22266,29884,12825,27287,10049,25823,22810,41128,17847,20855,45653,40476,39542,23458,37210,32043,40536,0,113873,18469,11357,6751,29413,16613,34634,15780,8336,14053,14400,99866,31102,71787,20408,67905,12389,49963,14350,19779,18172,32682,18537,17252,21466,23310
95,104053,48475,103580,104950,80399,113113,164194,75498,77998,104789,92303,76365,132224,39700,142044,112487,118796,93866,150456,100942,81340,68601,119989,59304,75853,120039,97216,97789,101981,70183,53030,84680,66069,111957,110568,111674,128100,105109,178697,108709,166375,81767,96622,103988,85062,93624,94814,85828,58372,28179,109689,69158,93689,92245,146246,69902,105975,76871,103477,98442,110258,57874,79107,95229,117750,112772,144142,146061,117092,76083,99606,90304,89283,91936,109038,100394,144315,108715,88769,108334,128876,111979,87572,124399,92130,103909,100223,81991,86438,81451,102826,95202,91516,142124,113129,0,106542,105782,111507,84863,104502,94203,116081,112802,101506,112485,77360,96305,173376,99034,169494,107342,73346,106995,120079,112493,107682,98511,113437,109736,121223
96,5929,64144,5924,20416,29431,15490,66571,70732,36923,3706,18685,38694,34601,66119,44421,14864,21173,28005,52833,8794,28516,47727,22366,66026,40537,22416,11799,10723,9688,37001,59245,21002,45340,14334,12267,14051,30477,2422,81074,14393,68752,25848,14681,11482,23974,19274,14472,30271,105721,81174,15374,38916,30839,22270,48623,43062,11659,38484,13260,8808,11117,52276,30887,19331,20127,15149,46519,48438,19469,35446,15394,18216,20184,24232,10737,9640,46692,6518,19361,10534,31253,14356,19434,26776,34739,3913,16011,34379,34087,28267,18613,30821,25654,44501,18593,104939,0,7982,14285,23024,3057,27863,18458,15263,9782,14862,93478,19828,75753,15563,71871,13026,38689,9838,22456,14870,17371,11212,15814,5821,23600
97,4451,63180,5743,25546,30524,9842,60923,71825,38017,8159,19035,39787,28953,67212,38774,9116,15525,27041,47185,9144,27552,46763,16719,67119,41630,16769,9889,11816,6606,36037,58281,22095,46433,8686,7794,8303,24829,5640,75426,7103,63104,24884,15031,16612,25068,18388,14822,31364,104757,80210,8031,40009,29875,21384,42975,44155,4645,39578,10150,9901,7484,51312,31981,19681,14480,9402,40871,42790,13722,36539,12885,19309,20534,25325,6264,9990,41044,12085,19711,3775,25606,8709,18470,21128,33776,7666,13502,35472,33123,29361,16105,29857,24690,38854,11018,106521,7693,0,6710,22060,6432,27281,12810,8004,6700,9215,92514,20921,70105,13055,66223,8100,39782,4323,16809,9122,22501,11184,10067,10489,17853
98,11158,68930,12450,32253,37232,6145,59818,78532,44724,14866,25742,46494,27849,73919,37669,13199,15709,32790,46081,15851,33301,52512,15614,73826,48337,16953,15638,18523,11818,41786,64030,28802,53140,10022,12574,13083,23725,12347,74322,8354,61999,30633,21738,23319,31775,24137,21529,38071,110506,85959,7265,46716,35624,27133,41870,50862,7331,46285,14375,16608,12264,57062,38688,26388,13375,14182,39767,41686,18502,43246,18635,26016,27241,32032,11044,16697,39939,18792,26418,8555,24501,7263,24219,20023,39525,14373,19251,42179,38872,36068,21854,35606,30439,37749,6845,112270,14400,7087,0,27809,13139,33030,12994,2980,12449,11614,98263,27628,69000,18804,65119,10785,46489,10255,16992,13902,29208,16934,14466,17196,20524
99,20416,42325,19943,30931,33522,29476,80557,59894,40395,21152,14416,42166,48587,62780,58407,28850,35159,10230,66819,17305,6696,25907,36353,62687,43804,36402,13579,18080,18344,15181,37425,17701,48812,28320,26931,28037,44463,21473,95060,25072,82738,4028,12986,29219,19370,9987,11177,34656,83901,59354,26053,35577,11671,8608,62609,46329,22338,41956,19840,21031,26621,30457,27549,11593,34114,29136,60505,62424,33456,37580,15970,16859,15915,28617,25401,16758,60678,25078,15092,24698,45239,28343,3935,40762,15571,20273,16586,37746,12267,24929,19189,11653,7879,58488,29493,85665,22906,22145,27871,0,20866,10566,32444,29166,17870,28849,71658,24213,89739,15397,85857,23705,37198,23358,36442,28856,33663,14875,29801,26100,37587
100,3943,61859,3938,20214,27146,14084,65165,68446,34638,2391,16399,36409,33195,63833,43015,13458,19767,25719,51427,6509,26231,45442,20961,63741,38252,21010,9514,8438,7701,34715,56960,18717,43055,12928,11539,12645,29071,2902,79668,12407,67346,23563,12396,11280,21689,16989,12187,27985,103435,78889,13387,36630,28554,19985,47217,40777,9673,36199,11274,6523,11229,49991,28602,17046,18722,13744,45113,47032,18064,33160,13109,15931,17898,21947,10009,7354,45286,6317,17075,9128,29847,12951,17149,25370,32454,2361,13725,32093,31802,25982,16328,28536,23369,43096,16827,102654,3056,6576,12879,20738,0,25578,17052,13857,7795,13456,91192,17543,74347,13278,70465,11040,36403,8433,21050,13464,17169,8927,14409,7338,22195
101,25504,51408,24478,32926,26447,34563,85644,59017,33320,25687,9594,35090,53675,54404,63495,33938,40247,16815,71907,21840,15780,34991,41440,54311,37137,41490,18667,21730,23432,24265,46509,11577,41736,33408,32019,33124,49551,26007,100148,30160,87826,13112,18073,31964,9018,15075,15547,33196,92985,68438,31140,27200,18103,15193,67697,39254,27426,34881,24928,24704,31709,39540,19172,12298,39201,34223,65593,67512,38543,30504,21057,17400,15538,24323,30489,21845,65765,29613,14451,29785,50327,33430,9023,45850,22003,24807,21674,30670,21351,16552,24277,18085,14464,63575,34580,94749,27440,27233,32958,10288,25400,0,37532,34253,22957,33936,80742,26208,94827,20485,90945,28793,28822,28446,41530,33944,35658,19962,34888,30634,42674
102,15026,73530,16319,31602,41100,8388,56903,82400,48592,18735,29610,50363,25811,77787,34753,8576,8533,37390,43165,19719,37901,57113,12699,77695,52205,6195,20238,22392,16955,46386,68631,32671,57009,4848,13263,10696,21687,16215,71406,17378,59084,35234,25606,27188,35643,28737,25397,39380,115106,90559,17583,50584,40225,31733,39833,54731,16000,48832,20499,20477,13235,61662,42556,30256,10460,13238,36851,38770,11565,47114,23235,29884,31109,35900,11660,20565,37024,22660,30286,10178,22463,7737,28820,17986,44125,18241,23852,43490,43473,39936,26454,40207,35039,34834,15869,116870,18269,12873,13296,32409,17007,37631,0,12869,17050,6991,102863,31497,66085,23404,62203,19455,50357,16413,9816,11608,33076,21534,9842,18834,9766
103,11851,70130,13143,32946,37924,5786,59459,79225,45417,15559,26435,47187,27489,74612,37310,12487,15350,33990,45722,16544,34501,53713,15255,74519,49030,16593,16838,19216,13018,42986,65231,29495,53833,9663,12129,12336,23366,13040,73962,9850,61640,31834,22431,24012,32468,25338,22222,38764,111706,87159,8761,47409,36825,28333,41511,51555,8531,46978,15576,17301,12174,58262,39381,27081,13016,13435,39408,41327,17755,43939,19835,26709,27934,32725,10599,17390,39580,19485,27111,7808,24142,6904,25420,19664,40725,15066,20452,42872,40073,36761,23054,36807,31640,37390,8341,113470,15093,8287,2986,29009,13832,34231,12635,0,13650,10902,99463,28321,68641,20004,64760,11986,47182,11455,16633,13155,29901,18134,13753,17457,20165
104,4887,59345,5043,26788,31766,13947,65028,71577,39258,9401,18600,41029,33058,66964,42878,13321,19630,23205,51290,9498,23716,42928,20824,66871,42872,20873,6053,12755,845,32201,54445,21884,47675,12791,11402,12508,28934,7476,79531,9543,67209,21048,14596,17854,24857,14552,14387,32606,100921,76374,10524,39760,26040,17548,47080,45397,6809,40819,3801,11143,11092,47477,31732,19246,18585,13607,44976,46895,17927,37781,9050,19584,20098,26567,9872,7492,45149,13327,19276,9168,29710,12814,14634,25233,29940,8908,9666,36714,29288,29112,12269,26021,20854,42959,13964,102685,9529,6616,12342,18224,7674,23445,16915,13637,0,13320,88678,22163,74210,9219,70328,7760,41382,7829,20913,13327,23742,7349,14272,12633,22058
105,11258,69762,12551,27054,37332,6375,56893,78632,44824,14967,25842,46595,24923,74019,34744,2456,9582,33622,43156,15951,34133,53345,12689,73926,48437,10825,16470,18624,13187,42618,64863,28903,53241,2595,7199,4632,20800,12447,71396,14759,59074,31466,21838,23420,31875,24969,21629,34871,111338,86791,15687,46816,36457,27965,38945,50963,12301,44322,16731,16709,8965,57894,38788,26488,10450,7173,36842,38761,10143,43346,19467,26116,27341,32132,7391,16797,37014,18892,26518,6410,21576,5242,25052,17098,40357,14473,20084,38981,39705,36168,22686,36439,31271,34824,13856,113102,14501,9105,11283,28641,13239,33863,6867,10732,13282,0,99095,27729,66075,19636,62194,15756,46589,12645,10865,5544,29106,17766,3778,14748,14275
106,90021,47897,89548,99652,85780,99081,150162,65466,92457,90758,84021,94228,118192,85717,128013,98455,104765,79835,136424,86910,67309,54570,105958,76678,87042,106008,83184,87685,87950,56152,42998,78503,100064,97925,96536,97642,114069,91078,164665,94678,152343,67736,82591,98825,78885,79592,80782,93646,19383,64926,95658,77106,79657,78214,132214,95951,91944,94018,89445,90636,96226,43843,68502,81198,103719,98741,130111,132029,103061,81464,85575,84126,83106,89684,95007,86363,130283,94683,82592,94303,114845,97948,73541,110367,78098,89878,86192,89808,72407,71464,88794,81171,77484,128093,99098,77503,92511,91750,97476,70832,90471,80172,102049,98771,87475,98454,0,92935,159344,85002,155463,93310,78727,92963,106048,98461,102385,84480,99406,95705,107192
107,18480,62580,18046,14015,17396,28621,79702,62058,24888,18121,18660,26658,47732,57445,57552,27995,34304,29136,65964,15468,29533,46163,35498,57352,28501,35547,19864,13155,22238,38018,57681,14783,33304,27465,26076,27182,43608,18656,94205,26944,81883,26865,17887,13054,17755,24953,13615,14180,104156,77965,27924,30242,31856,27515,61754,31026,24210,25224,24605,13004,25766,50712,24669,20156,33259,28281,59650,61569,27747,23410,23459,11987,15986,12196,24546,18900,59823,22542,17908,23665,44384,27488,20451,39907,35756,17241,24075,18290,35104,22048,26678,31838,26786,57633,31364,96265,19874,21113,27416,24041,17834,26210,31589,28394,22332,27993,91913,0,88884,23628,85002,25576,26653,22970,35587,28001,16748,19276,28946,23068,32945
108,72918,131422,74211,87825,98992,64877,9347,140293,106484,76627,87502,108255,69316,135680,51098,68099,60989,95282,51762,77612,95794,115005,57456,135587,110098,70031,78131,80284,74848,104278,126523,90563,114901,64434,71082,70220,63099,74108,9596,73867,9581,93126,83499,85080,93535,86630,83290,95604,172998,148452,74072,108476,98117,89626,72125,112623,72489,105055,78391,78369,71127,119554,100448,88149,56712,72388,32852,32339,67788,105007,81127,87777,89001,93793,69552,78457,50724,80553,88178,68070,71724,64227,86712,69427,102017,76133,81744,99713,101365,97828,84347,98099,92932,38320,72358,174762,76161,70814,69785,90302,74899,95523,66073,69358,74942,66514,160755,89389,0,81297,5517,75944,108250,73983,62272,71132,89171,79426,69366,76726,74014
109,11440,56690,11497,30693,33240,20499,71580,70126,40732,13692,17149,42503,39611,65513,49431,19874,26183,20550,57843,9845,21061,40273,27376,65420,44346,27426,4603,12404,9368,29546,51791,20434,49149,19344,17954,19060,35487,14029,86084,16096,73762,18394,12240,21759,23406,11847,12936,34079,98266,73719,17076,38310,23385,15236,53633,46871,13362,42293,10863,13813,17645,44822,30282,17683,25137,20159,51529,53448,24479,39254,1713,18133,18648,28041,16425,7781,51701,17618,17825,15721,36263,19366,11980,31786,27285,12812,2446,38187,26633,27661,5049,23366,18199,49511,20516,100030,15445,13169,18894,15569,13405,20790,23468,20189,8893,19872,86023,23637,80763,0,76881,14729,39931,14381,27466,19880,27647,5898,20824,18639,28610
110,68546,127050,69839,83454,94620,60506,13070,135921,102112,72255,83131,103883,64945,131308,46726,63728,56618,90911,49426,73240,91422,110633,53084,131215,105726,65659,73759,75912,70476,99907,122151,86191,110529,60062,66710,65848,58727,69736,10388,69496,4937,88754,79127,80708,89163,82258,78918,91232,168627,144080,69700,104105,93745,85254,67753,108251,68118,100683,74020,73997,66755,115182,96077,83777,52340,68016,30516,30003,63416,100635,76755,83405,84629,89421,65180,74085,48388,76181,83807,63698,67353,59855,82340,65056,97646,71762,77372,95341,96993,93456,79975,93727,88560,35984,67987,170391,71789,66442,65414,85930,70528,91151,61701,64986,70570,62143,156384,85017,5427,76925,0,71572,103878,69611,57901,66760,84799,75055,64994,72354,69642
111,8165,64872,10256,30066,35044,14772,65853,76345,42537,12679,23547,44307,33883,71732,43703,15752,21744,28732,52115,13657,29244,48455,21649,71639,46150,22987,11580,16336,7356,37728,59973,26615,50953,15117,14429,14939,29759,10755,80356,8028,68034,26576,19543,21132,29588,20080,19335,35884,106448,81902,9008,44529,31567,23076,47905,48675,5335,44098,8082,14421,14120,53004,36501,24194,19410,16037,45801,47720,20357,41059,14577,23829,25046,29845,12900,13019,45974,16605,24223,10410,30535,13639,20162,26058,35467,12186,15194,39992,34815,33881,17796,31549,26382,43784,12448,108212,12808,8281,10820,23751,10952,28973,19029,12115,8031,15885,94205,25441,75035,14746,71153,0,44302,9128,23027,15758,27021,12876,16702,15912,24488
112,37248,48416,36815,35216,10665,47390,98471,38986,17341,36890,27812,19112,66501,34373,76321,46764,53073,42628,84733,34237,35456,31998,54266,34281,13033,54316,36424,31924,41007,24299,43516,20190,24948,46234,44845,45951,62377,37425,112974,45713,100652,35883,32632,34254,20572,38445,29787,18530,89992,54893,46693,7170,45348,41007,80523,20835,42979,18902,43407,31773,44535,36547,14617,30972,52027,47049,78419,80338,47608,3839,40019,25813,24793,22202,43315,36954,78592,40815,24278,42434,63153,46256,33943,58676,46246,36010,40635,14692,40554,16961,43238,45330,40278,76401,50133,73194,38643,39882,46185,37533,36603,28869,50358,47163,41101,46762,77749,26571,107653,40188,103771,44345,0,41738,54356,46770,37948,35836,47714,41837,52806
113,6221,64184,7514,27317,32295,12778,63859,73596,39787,9930,20806,41558,31889,68983,41710,12052,18461,28044,50121,10915,28555,47767,19655,68890,43401,19705,10892,13587,7142,37040,59285,23866,48204,11622,10682,11239,27765,7411,78362,9951,66040,25888,16802,18383,26838,19391,16593,33135,105760,81213,10879,41780,30879,22387,45911,45926,7466,41348,10555,11672,10372,52316,33752,21452,17416,12338,43807,45726,16658,38310,13889,21080,22304,27096,9152,11760,43980,13856,21482,6711,28542,11645,19474,24064,34779,9437,14506,37243,34127,31131,17108,30861,25693,41790,14371,107524,9464,4159,10132,23063,8203,28285,15746,11427,7704,12151,93517,22692,73041,14058,69159,8833,41553,0,19745,12058,24271,12188,13003,12138,20789
114,18765,77269,20057,35311,44838,12127,52737,86139,52331,22473,33349,54101,29169,81526,30587,12314,1437,41129,38999,23458,41640,60851,8400,81433,55944,13335,23977,26130,20694,50125,72369,36409,60747,8587,17002,14435,25159,19954,67240,21117,54918,38972,29345,30926,39382,32476,29136,43089,118845,94298,21321,54323,43963,35472,42464,58469,19739,52541,24238,24215,16973,65401,46295,33995,11590,16976,32685,34604,15274,50853,26974,33623,34848,39639,15399,24304,32858,26399,34025,13916,25821,11476,32558,21344,47864,21980,27590,47199,47211,43675,30193,43945,38778,30667,19608,120609,22007,16612,17035,36148,20746,41369,9377,16607,20788,10729,106602,35235,61919,27143,58037,23193,54096,20152,0,15347,36815,25273,13581,22572,16843
115,11423,69927,12716,24117,37497,11252,61721,78798,43166,15132,26007,44937,29751,74185,39571,4583,14410,33788,47983,16117,34299,53510,17517,74092,48603,13760,16636,18789,13353,42784,65028,29068,51432,7422,6182,1893,25627,12613,76224,14828,63902,31631,22004,23585,32040,25135,21795,31934,111504,86957,15755,46982,36622,28131,43773,51128,12369,41385,16896,16874,7948,58059,38954,26654,15278,6209,41669,43588,7206,43512,19632,26282,27506,32298,6374,16962,41842,19058,26684,6478,26403,10119,25217,21926,40522,14639,20249,36044,39870,36333,22852,36604,31437,39652,18542,113268,14491,9173,14234,28807,13404,34028,11694,13461,13447,5737,99261,27894,70903,19802,67021,15824,46755,12342,15693,0,25049,17931,5534,13936,10035
116,19811,71954,19378,3460,28626,29952,79891,73288,36238,15307,28034,38009,49063,68675,57742,27850,35635,38511,66153,20535,38907,55537,36829,68582,39731,30910,23540,22464,23570,47392,67055,24157,44504,28796,21879,24513,44939,18648,94394,28275,82072,36239,26422,6067,27130,31015,22990,25006,113530,89195,29255,41472,41230,34011,63085,42256,25541,35544,27146,20605,23676,60086,34043,29530,34590,28136,59839,61758,22882,34640,27135,21362,25360,23426,21817,21380,60012,15775,27282,24996,45715,28819,29825,41238,45131,15028,27751,29116,44478,31423,30354,41212,36160,57822,32695,107495,17274,22444,28747,33415,16948,35584,32920,29725,23664,29004,101287,16618,89073,27304,85191,26908,37883,24301,36918,24993,0,22953,28801,17591,27536
117,8903,55849,7915,26125,28672,18578,69659,65558,36164,9124,12581,37935,37689,60945,47509,17952,24261,19709,55921,5277,20220,39431,25455,60853,39778,25504,1959,7837,7446,28705,50949,15866,44581,17422,16033,17139,33565,9445,84162,14175,71840,17552,8578,17191,18838,11056,8369,29512,97425,72878,15155,33742,22543,14052,51711,42303,11440,37726,8942,9246,15723,43980,25714,13228,23216,18238,49607,51526,22558,34687,5554,13566,14080,23473,14503,2436,49780,13050,13258,13800,34341,17445,11138,29864,26444,8245,6170,33620,25791,23094,8773,22525,17358,47590,18595,99189,10877,11247,16973,14728,8837,19949,21546,18268,6972,17951,85182,19069,78841,5723,74959,12807,35364,12460,25544,17958,23079,0,18903,14072,26689
118,12333,70837,13626,26947,38407,9249,59768,79708,45997,16042,26917,47768,27798,75095,37618,1996,12457,34698,46030,17027,35209,54420,15564,75002,49513,13201,17546,19699,14263,43694,65938,29978,54263,5469,7092,4525,23674,13523,74271,15738,61949,32541,22914,24495,32950,26045,22705,34764,112414,87867,16665,47892,37532,29041,41820,52038,13279,44215,17807,17784,8858,58969,39864,27564,13325,7066,39716,41635,10037,44422,20542,27192,28416,33208,7284,17872,39889,19968,27594,7388,24450,8116,26127,19973,41432,15549,21159,38874,40780,37243,23762,37514,32347,37699,16730,114178,15401,10083,14157,29717,14315,34938,9741,13607,14357,3784,100171,28804,68950,20712,65068,16734,47665,13252,13740,5437,28999,18841,0,14846,13161
119,8919,67005,8914,18352,32292,15888,66969,73593,39784,5562,21546,41555,35000,68980,44820,13961,21572,30866,53232,11655,31377,50588,22765,68887,43398,22815,14660,13584,12677,39862,62106,23863,48201,14733,11224,13148,30876,5420,81473,17359,69151,28709,17542,12891,26835,22135,17333,33131,108582,84035,18287,41776,33700,25131,49022,45923,14649,41345,16250,11669,10075,55137,33748,22192,20526,14247,46918,48837,18566,38307,18255,21077,23044,27093,9695,12500,47090,7927,22222,11114,31652,14755,22295,27174,37600,6650,18871,37239,36948,31128,21474,33682,28515,44900,21273,107800,5816,10662,16965,25885,7336,30724,18857,17385,12771,14889,96338,22689,76152,18424,72270,16015,41550,12385,22855,13967,17603,14073,14912,0,22698
120,19891,78395,21184,26635,44105,15590,64104,87266,45710,23600,34475,47481,33013,82653,41955,13051,15482,42256,50367,24585,42767,61978,19900,82560,53085,4973,25104,27257,21821,51252,73496,37536,53976,12050,14650,10585,28889,21081,78608,23296,66285,40099,30472,32053,40508,33603,30263,34478,119972,95425,24223,55450,45090,36599,47034,55610,20837,43929,25364,25342,16416,66527,47421,35122,17661,14677,44053,45972,6879,49234,28100,34750,35974,40766,14842,25430,44225,27526,35151,14946,29665,14939,33685,25187,48990,23106,28717,38587,48338,44801,31320,45072,39905,42035,23071,117442,22959,17641,20498,37275,21872,42496,9467,20070,21915,14192,107728,32593,73286,28270,69405,24292,52477,20810,16765,9896,27567,26399,13249,22404,0
